delete from ct_tag cascade;
delete from ct_homework_ans cascade;
delete from ct_homework cascade;
delete from ct_tag cascade;
delete from ct_file_list cascade;
delete from ct_val_homework cascade;



insert into ct_homework ( homework_id, homework_title, homework_no, video_url, video_img, lesson_body ) values ( '471ad106-d64a-46bf-4abc-a3bbf337ff56', 'Interactive - 01 - Create Table', '1', 'hw01.mp4', 'hw01.svg', '{}' );
insert into ct_tag ( tag_id, tag_word ) values ( 'f5b7049a-a2b9-435c-56a0-8d8ff5d282bf', 'create table' );
insert into ct_tag_homework ( tag_id, homework_id ) values ( 'f5b7049a-a2b9-435c-56a0-8d8ff5d282bf', '471ad106-d64a-46bf-4abc-a3bbf337ff56' );
insert into ct_tag ( tag_id, tag_word ) values ( '2a11f9d6-4d0d-43b6-5b19-f2c1c9ffd7a3', 'type text' );
insert into ct_tag_homework ( tag_id, homework_id ) values ( '2a11f9d6-4d0d-43b6-5b19-f2c1c9ffd7a3', '471ad106-d64a-46bf-4abc-a3bbf337ff56' );
insert into ct_tag ( tag_id, tag_word ) values ( '1340d8e7-151d-4e45-75b4-b3f610bee027', 'type int' );
insert into ct_tag_homework ( tag_id, homework_id ) values ( '1340d8e7-151d-4e45-75b4-b3f610bee027', '471ad106-d64a-46bf-4abc-a3bbf337ff56' );
insert into ct_tag ( tag_id, tag_word ) values ( 'cab4b3b1-cf8d-419b-7af8-d8297440545e', 'type varchar' );
insert into ct_tag_homework ( tag_id, homework_id ) values ( 'cab4b3b1-cf8d-419b-7af8-d8297440545e', '471ad106-d64a-46bf-4abc-a3bbf337ff56' );
insert into ct_tag ( tag_id, tag_word ) values ( '78b6d291-2de6-4958-4bb7-083a8cbac742', 'hw01' );
insert into ct_tag_homework ( tag_id, homework_id ) values ( '78b6d291-2de6-4958-4bb7-083a8cbac742', '471ad106-d64a-46bf-4abc-a3bbf337ff56' );
insert into ct_val_homework ( val_id, homework_no, val_type, val_data  ) values ( '7611f4d4-2feb-4bec-5aef-6f0d9a3e3657', 1, 'SQL-Select', 'select validate_hw01() as x' );
update ct_homework set lesson_body = '{"Lesson":"\u003cstyle\u003e\n.pagebreak { page-break-before: always; }\n.half { height: 200px; }\n\u003c/style\u003e\n\n\u003ch1\u003eInteractive - 01 - Create Table\u003c/h1\u003e\n\n\u003cp\u003eCreate a table with 3 columns.  The table name will be \u0026ldquo;name_list\u0026rdquo;.\nThe columns are:\u003c/p\u003e\n\n\u003cul\u003e\n\u003cli\u003ereal_name a text column\u003c/li\u003e\n\u003cli\u003eage an integer\u003c/li\u003e\n\n\u003cli\u003e\u003cp\u003estate a 2 character field for a US state code.\u003c/p\u003e\n\n\u003cpre\u003e\u003ccode\u003ecreate table \u0026lt;name\u0026gt; (\n\t\u0026lt;column\u0026gt;,\t\n\t\u0026lt;column\u0026gt;,\t\n\t\u0026lt;column\u0026gt;,\t\n\t...\n\t\u0026lt;column\u0026gt;\n);\n\u003c/code\u003e\u003c/pre\u003e\u003c/li\u003e\n\u003c/ul\u003e\n\n\u003cp\u003eThe columns are a comma \u003ccode\u003e,\u003c/code\u003e separated list.   The set of\ncolumns tars with a \u003ccode\u003e(\u003c/code\u003e and ends with a \u003ccode\u003e)\u003c/code\u003e.\u003c/p\u003e\n\n\u003cp\u003eA \u003ccode\u003e;\u003c/code\u003e (semicolon) is used to mark the end of the statement.\u003c/p\u003e\n\n\u003cp\u003eOfficially this is call the Data Definition Language or DDL.\u003c/p\u003e\n\n\u003cp\u003eWe have to declare what we want to store before storing it.\u003c/p\u003e\n\n\u003cp\u003eWe will get back to data-types and SQL in a future homework.\u003c/p\u003e\n\n\u003cp\u003eso with 3 columns\u003c/p\u003e\n\n\u003cpre\u003e\u003ccode\u003e\nDROP TABLE if exists name_list ;\n\nCREATE TABLE name_list (\n\treal_name text,\t\n\tage int,\t\n\tstate varchar(2)\n);\n\n\n\u003c/code\u003e\u003c/pre\u003e\n\n\u003cp\u003eBook: Pages 5 to 7\u003c/p\u003e\n\n\u003ch4\u003eTags: \u0026ldquo;create table\u0026rdquo;,\u0026ldquo;type text\u0026rdquo;,\u0026ldquo;type int\u0026rdquo;,\u0026ldquo;type varchar\u0026rdquo;,\u0026ldquo;hw01\u0026rdquo;\u003c/h4\u003e\n","Lesson_no":1}' where homework_id = '471ad106-d64a-46bf-4abc-a3bbf337ff56';


insert into ct_homework ( homework_id, homework_title, homework_no, video_url, video_img, lesson_body ) values ( 'efdef658-52c6-4f78-732f-4b0e4666948e', 'Interactive - 02 - Insert data into name_list', '2', 'hw02.mp4', 'hw02.svg', '{}' );
insert into ct_tag ( tag_id, tag_word ) values ( '7811ed07-a248-4931-406b-d127445522b9', 'hw02' );
insert into ct_tag_homework ( tag_id, homework_id ) values ( '7811ed07-a248-4931-406b-d127445522b9', 'efdef658-52c6-4f78-732f-4b0e4666948e' );
insert into ct_tag ( tag_id, tag_word ) values ( 'ad80c5c1-3da1-4058-6be2-0ca022a21f3f', 'insert' );
insert into ct_tag_homework ( tag_id, homework_id ) values ( 'ad80c5c1-3da1-4058-6be2-0ca022a21f3f', 'efdef658-52c6-4f78-732f-4b0e4666948e' );
insert into ct_val_homework ( val_id, homework_no, val_type, val_data  ) values ( '3783d6a2-7981-44dc-75eb-70010f0e64b1', 2, 'SQL-Select', 'select ''PASS'' as x from ( select count(1) as x from name_list ) as t1 where t1.x = 6 ' );
update ct_homework set lesson_body = '{"Lesson":"\u003cstyle\u003e\n.pagebreak { page-break-before: always; }\n.half { height: 200px; }\n\u003c/style\u003e\n\n\u003ch1\u003eInteractive - 02 - Insert data into name_list\u003c/h1\u003e\n\n\u003cp\u003eInsert some data into the table.\u003c/p\u003e\n\n\u003cpre\u003e\u003ccode\u003einsert into \u0026lt;name\u0026gt; ( \u0026lt;column-name\u0026gt;, \u0026lt;column-name\u0026gt;, .... ) values\n\t( \u0026lt;colun-data1\u0026gt;, \u0026lt;colun-data2\u0026gt;, ... ),\n\t( \u0026lt;colun-row2\u0026gt;, \u0026lt;colun-row2\u0026gt;, ... ),\n\t( \u0026lt;colun-row2\u0026gt;, \u0026lt;colun-row2\u0026gt;, ... )\n;\n\u003c/code\u003e\u003c/pre\u003e\n\n\u003cp\u003eso our example, we will use all the columns so we can leave the\nlist of columns out  and just put the data in the table declared\norder.\u003c/p\u003e\n\n\u003cpre\u003e\u003ccode\u003eINSERT INTO name_list values\n\t( ''bob true'',            22, ''WY'' ),\n\t( ''Jane True'',           20, ''WY'' ),\n\t( ''Tom Ace'',             31, ''NJ'' ),\n\t( ''Steve Pen'',           33, ''NJ'' ),\n\t( ''Laura Jean Alkinoos'', 34, ''PA'' )\n;\n\n\u003c/code\u003e\u003c/pre\u003e\n\n\u003cp\u003eand a single row (note that the column order\nis chained).  It is better to list the columns\nso that if the table is changed the data can\nstill be loaded.  It is possible to add new columns to a table\nand break old code - so it is better to have:\u003c/p\u003e\n\n\u003cpre\u003e\u003ccode\u003einsert into name_list ( real_name, age, state ) values\n\t( ''bob true'',            22, ''WY'' ),\n\t( ''Jane True'',           20, ''WY'' ),\n\t( ''Tom Ace'',             31, ''NJ'' ),\n\t( ''Steve Pen'',           33, ''NJ'' ),\n\t( ''Laura Jean Alkinoos'', 34, ''PA'' )\n;\n\u003c/code\u003e\u003c/pre\u003e\n\n\u003cp\u003eAlso note that it is intentional at this point that \u003ccode\u003ebob true\u003c/code\u003e is all lower\ncase.  We will fix that in a little bit.\u003c/p\u003e\n\n\u003cpre\u003e\u003ccode\u003e\nINSERT INTO name_list ( real_name, state, age )\n\tvalues\t( ''Philip Schlump'', ''WY'', 62 );\n\n\u003c/code\u003e\u003c/pre\u003e\n\n\u003cp\u003eEach set of data that we inset is separated with a comma, \u003ccode\u003e,\u003c/code\u003e.\nWhen we insert text we use single quotes, \u003ccode\u003e''\u003c/code\u003e to mark that it is\ntext.  To insert a quote mark we put in 2 of them in a row.\nSo, To insert \u003ccode\u003ethat''s\u003c/code\u003e  we would use in our insert statement,\n\u003ccode\u003e''that''''s\u003c/code\u003e`.\u003c/p\u003e\n\n\u003cp\u003eNumbers are respresented as a set of digits.  With fractional(floating point) numbers you put in a decimal\npoint - but note that our column age is not a float - so just whole years.\u003c/p\u003e\n\n\u003cp\u003eIf all has worked correctly then you should have 6 rows in the table.\u003c/p\u003e\n\n\u003cpre\u003e\u003ccode\u003eselect count(1) as x\nfrom name_list\n;\n\n\u003c/code\u003e\u003c/pre\u003e\n\n\u003cp\u003e6 rows is good.  Click to grade the homework.\u003c/p\u003e\n\n\u003cp\u003eBook: Pages 7 to 9\u003c/p\u003e\n\n\u003ch4\u003eTags: \u0026ldquo;hw02\u0026rdquo;,\u0026ldquo;insert\u0026rdquo;\u003c/h4\u003e\n","Lesson_no":2}' where homework_id = 'efdef658-52c6-4f78-732f-4b0e4666948e';


insert into ct_homework ( homework_id, homework_title, homework_no, video_url, video_img, lesson_body ) values ( '8dd563c9-383c-4caf-7ada-ae337a7ce8e2', 'Interactive - 03 - Select data back from the table', '3', 'hw03.mp4', 'hw03.svg', '{}' );
insert into ct_tag ( tag_id, tag_word ) values ( 'dc4ea084-b882-4f3f-53cd-60228edf7d43', 'select' );
insert into ct_tag_homework ( tag_id, homework_id ) values ( 'dc4ea084-b882-4f3f-53cd-60228edf7d43', '8dd563c9-383c-4caf-7ada-ae337a7ce8e2' );
insert into ct_tag ( tag_id, tag_word ) values ( 'eeb91de6-4a82-4556-50be-19367ef3ac4b', 'where' );
insert into ct_tag_homework ( tag_id, homework_id ) values ( 'eeb91de6-4a82-4556-50be-19367ef3ac4b', '8dd563c9-383c-4caf-7ada-ae337a7ce8e2' );
insert into ct_val_homework ( val_id, homework_no, val_type, val_data  ) values ( 'c85b477a-0947-41a8-4f75-4397942f5230', 3, 'CountRows', '{%22Nr%22%3A[3]}' );
update ct_homework set lesson_body = '{"Lesson":"\u003cstyle\u003e\n.pagebreak { page-break-before: always; }\n.half { height: 200px; }\n\u003c/style\u003e\n\n\u003ch1\u003eInteractive - 03 - Select data back from the table\u003c/h1\u003e\n\n\u003cp\u003eData is more fun when you can put some in and get it\nback later.  Enter \u0026ldquo;select\u0026rdquo;.\u003c/p\u003e\n\n\u003cpre\u003e\u003ccode\u003eSELECT * from name_list;\n\n\u003c/code\u003e\u003c/pre\u003e\n\n\u003cp\u003egives you get back all the data.  The \u003ccode\u003e*\u003c/code\u003e is the list\nof columns you get back.  \u003ccode\u003e*\u003c/code\u003e is for all the columns.\u003c/p\u003e\n\n\u003cpre\u003e\u003ccode\u003eSELECT real_name, state from name_list;\n\n\u003c/code\u003e\u003c/pre\u003e\n\n\u003cp\u003eGives you back just the name and state.\u003c/p\u003e\n\n\u003cpre\u003e\u003ccode\u003e\nSELECT lower(real_name) as \u0026quot;real_name_lower\u0026quot;, real_name\nfrom name_list;\n\n\u003c/code\u003e\u003c/pre\u003e\n\n\u003cp\u003eGives you back a lower case version of the name.\u003c/p\u003e\n\n\u003cp\u003eOr make it in order from z to a.\u003c/p\u003e\n\n\u003cpre\u003e\u003ccode\u003e\nSELECT lower(real_name) as \u0026quot;real_name_lower\u0026quot;, real_name\n\tfrom name_list\n\torder by 1 desc\n;\n\n\u003c/code\u003e\u003c/pre\u003e\n\n\u003cp\u003eMaybe we just want the names in Wyoming.  This is the\nwhere clause.\u003c/p\u003e\n\n\u003cpre\u003e\u003ccode\u003e\nSELECT real_name\n\tFROM name_list\n\tWHERE state = ''WY''\n;\n\n\u003c/code\u003e\u003c/pre\u003e\n\n\u003cp\u003eRemember that if you want to match a text field you\nhave to use quotes.  Also it is case sensitive.\u003c/p\u003e\n\n\u003cpre\u003e\u003ccode\u003eselect real_name\nfrom name_list\nwhere state = ''wy''\n;\n\u003c/code\u003e\u003c/pre\u003e\n\n\u003cp\u003ewill not give you any rows.  Try it.\u003c/p\u003e\n\n\u003cp\u003eThe query to run before to get your grade is:\u003c/p\u003e\n\n\u003cpre\u003e\u003ccode\u003e\nSELECT real_name\n\tFROM name_list\n\tWHERE state = ''WY''\n;\n\n\u003c/code\u003e\u003c/pre\u003e\n\n\u003cp\u003eIt should return 3 rows.  This is what is checked for by the application.\u003c/p\u003e\n\n\u003cp\u003eBook: Chapter 2 - pages 11 to 22.\u003c/p\u003e\n\n\u003ch4\u003eTags: select,where\u003c/h4\u003e\n","Lesson_no":3}' where homework_id = '8dd563c9-383c-4caf-7ada-ae337a7ce8e2';


insert into ct_homework ( homework_id, homework_title, homework_no, video_url, video_img, lesson_body ) values ( '624121c4-7f7b-4b35-6b91-c943c384c2d2', 'Interactive - 04 - update the table', '4', 'hw04.mp4', 'hw04.svg', '{}' );
insert into ct_tag ( tag_id, tag_word ) values ( 'cd6fc010-9073-4f36-69b4-2604162eb384', 'update' );
insert into ct_tag_homework ( tag_id, homework_id ) values ( 'cd6fc010-9073-4f36-69b4-2604162eb384', '624121c4-7f7b-4b35-6b91-c943c384c2d2' );
insert into ct_tag_homework ( tag_id, homework_id ) values ( 'eeb91de6-4a82-4556-50be-19367ef3ac4b', '624121c4-7f7b-4b35-6b91-c943c384c2d2' );
insert into ct_val_homework ( val_id, homework_no, val_type, val_data  ) values ( 'bf5f9ec3-872c-4ab9-7f08-55e79e2b8c9d', 4, 'CountRows', '{%22Nr%22%3A[6]}' );
update ct_homework set lesson_body = '{"Lesson":"\u003cstyle\u003e\n.pagebreak { page-break-before: always; }\n.half { height: 200px; }\n\u003c/style\u003e\n\n\u003ch1\u003eInteractive - 04 - update the table\u003c/h1\u003e\n\n\u003cp\u003eNote that we have an error in our data.  \u003ccode\u003eBob true\u003c/code\u003e should\nbe \u003ccode\u003eBob True\u003c/code\u003e.   Let\u0026rsquo;s change some data.\u003c/p\u003e\n\n\u003cpre\u003e\u003ccode\u003eupdate \u0026lt;tabe-name\u0026gt;\n\tset \u0026lt;list of columns to modify\u0026gt;\n\twhere \u0026lt;boolean expresison\u0026gt;\n;\n\u003c/code\u003e\u003c/pre\u003e\n\n\u003cp\u003eso\u0026hellip; let\u0026rsquo;s look at the data before the update\u003c/p\u003e\n\n\u003cpre\u003e\u003ccode\u003eSELECT * from name_list;\n\n\u003c/code\u003e\u003c/pre\u003e\n\n\u003cp\u003eUpdate it to fix it\u003c/p\u003e\n\n\u003cpre\u003e\u003ccode\u003eUPDATE name_list\n\tSET real_name = ''Bob True''\n\tWHERE real_name = ''bob true''\n;\n\n\u003c/code\u003e\u003c/pre\u003e\n\n\u003cp\u003eNow let\u0026rsquo;s look at the data:\u003c/p\u003e\n\n\u003cpre\u003e\u003ccode\u003eSELECT * from name_list;\n\n\u003c/code\u003e\u003c/pre\u003e\n\n\u003cp\u003eMuch better!  The query should return 6 rows.  The application checks that you are getting back 6 rows\nof data for grading.\u003c/p\u003e\n\n\u003cp\u003eBook: page 139 talks about update.\u003c/p\u003e\n\n\u003ch4\u003eTags: update,where\u003c/h4\u003e\n","Lesson_no":4}' where homework_id = '624121c4-7f7b-4b35-6b91-c943c384c2d2';


insert into ct_homework ( homework_id, homework_title, homework_no, video_url, video_img, lesson_body ) values ( '59a0adb1-23e1-48d0-54fe-7cc801b97d9c', 'Interactive - 05 - insert more data / select unique data', '5', 'hw05.mp4', 'hw05.svg', '{}' );
insert into ct_tag_homework ( tag_id, homework_id ) values ( 'ad80c5c1-3da1-4058-6be2-0ca022a21f3f', '59a0adb1-23e1-48d0-54fe-7cc801b97d9c' );
insert into ct_tag_homework ( tag_id, homework_id ) values ( 'dc4ea084-b882-4f3f-53cd-60228edf7d43', '59a0adb1-23e1-48d0-54fe-7cc801b97d9c' );
insert into ct_tag ( tag_id, tag_word ) values ( '5c469c45-6c9d-4729-4378-80d580123258', 'distinct' );
insert into ct_tag_homework ( tag_id, homework_id ) values ( '5c469c45-6c9d-4729-4378-80d580123258', '59a0adb1-23e1-48d0-54fe-7cc801b97d9c' );
insert into ct_tag ( tag_id, tag_word ) values ( 'b1f32b0b-ce09-4c3f-40ab-9e17a279672c', 'select distinct' );
insert into ct_tag_homework ( tag_id, homework_id ) values ( 'b1f32b0b-ce09-4c3f-40ab-9e17a279672c', '59a0adb1-23e1-48d0-54fe-7cc801b97d9c' );
insert into ct_val_homework ( val_id, homework_no, val_type, val_data  ) values ( '12b00a75-2300-4236-624c-fbe3e72c2d89', 5, 'CountRows', '{%22Nr%22%3A[10]}' );
update ct_homework set lesson_body = '{"Lesson":"\u003cstyle\u003e\n.pagebreak { page-break-before: always; }\n.half { height: 200px; }\n\u003c/style\u003e\n\n\u003ch1\u003eInteractive - 05 - insert more data / select unique data\u003c/h1\u003e\n\n\u003cp\u003eLet\u0026rsquo;s put in some more data - that has some mistakes in it.\u003c/p\u003e\n\n\u003cpre\u003e\u003ccode\u003eINSERT INTO name_list values\n\t( ''Liz Trubune'',         30, ''WY'' ),\n\t( ''Jane True'',           20, ''WY'' ),\n\t( ''Lary Smith'',          58, ''NJ'' ),\n\t( ''Dave Dave'',           21, ''NJ'' ),\n\t( ''Laura Ann Alkinoos'',  34, ''PA'' )\n;\n\n\n\u003c/code\u003e\u003c/pre\u003e\n\n\u003cp\u003eThe problem is that \u0026ldquo;Jane True\u0026rdquo; is now a duplicate!\u003c/p\u003e\n\n\u003cp\u003eLet\u0026rsquo;s see it.\u003c/p\u003e\n\n\u003cpre\u003e\u003ccode\u003e\nSELECT * from name_list;\n\n\n\u003c/code\u003e\u003c/pre\u003e\n\n\u003cp\u003eWe will get how to prevent this later.\nRight now let\u0026rsquo;s get unique data back when the\nactual data has duplicates.   For lots of reasons you\ncan get duplicates in a set of selected data.\u003c/p\u003e\n\n\u003cpre\u003e\u003ccode\u003eSELECT distinct * from name_list;\n\n\u003c/code\u003e\u003c/pre\u003e\n\n\u003cp\u003eThe select should return 10 rows of data.\u003c/p\u003e\n\n\u003cp\u003eBook: pages 12 to 14.\u003c/p\u003e\n\n\u003ch4\u003eTags: insert,select,distinct,select distinct\u003c/h4\u003e\n","Lesson_no":5}' where homework_id = '59a0adb1-23e1-48d0-54fe-7cc801b97d9c';


insert into ct_homework ( homework_id, homework_title, homework_no, video_url, video_img, lesson_body ) values ( '63ddf32c-ac86-41cf-6437-85acca838d51', 'Interactive - 06 - count rows of data', '6', 'hw06.mp4', 'hw06.svg', '{}' );
insert into ct_tag ( tag_id, tag_word ) values ( 'a8e3e4ec-c9f3-4c17-4932-c44fbed07d4c', 'count' );
insert into ct_tag_homework ( tag_id, homework_id ) values ( 'a8e3e4ec-c9f3-4c17-4932-c44fbed07d4c', '63ddf32c-ac86-41cf-6437-85acca838d51' );
insert into ct_tag_homework ( tag_id, homework_id ) values ( '5c469c45-6c9d-4729-4378-80d580123258', '63ddf32c-ac86-41cf-6437-85acca838d51' );
insert into ct_tag ( tag_id, tag_word ) values ( '4b04fc10-964b-4336-4227-21320d1faa29', 'count distinct' );
insert into ct_tag_homework ( tag_id, homework_id ) values ( '4b04fc10-964b-4336-4227-21320d1faa29', '63ddf32c-ac86-41cf-6437-85acca838d51' );
insert into ct_val_homework ( val_id, homework_no, val_type, val_data  ) values ( '09ce1e88-a5d9-4555-5516-48bd32cb7fe4', 6, 'CountRows', '{%22Nr%22%3A[1]}' );
update ct_homework set lesson_body = '{"Lesson":"\u003cstyle\u003e\n.pagebreak { page-break-before: always; }\n.half { height: 200px; }\n\u003c/style\u003e\n\n\u003ch1\u003eInteractive - 06 - count rows of data\u003c/h1\u003e\n\n\u003cp\u003euse count to get how many rows.\u003c/p\u003e\n\n\u003cpre\u003e\u003ccode\u003eSELECT count(*) from name_list;\n\n\u003c/code\u003e\u003c/pre\u003e\n\n\u003cp\u003eYou should get 11 rows.\u003c/p\u003e\n\n\u003cp\u003eor with a where clause\u003c/p\u003e\n\n\u003cpre\u003e\u003ccode\u003e\nSELECT count(*) from name_list\nwhere state = ''NJ''\n;\n\n\u003c/code\u003e\u003c/pre\u003e\n\n\u003cp\u003eYou should get 4 rows.\u003c/p\u003e\n\n\u003cp\u003ewith a name for the returned data column\u003c/p\u003e\n\n\u003cpre\u003e\u003ccode\u003e\nSELECT count(*) as \u0026quot;count_of_names\u0026quot;\n\tFROM name_list\n;\n\n\u003c/code\u003e\u003c/pre\u003e\n\n\u003cp\u003eYou should get 11 rows.\u003c/p\u003e\n\n\u003cp\u003eBook: page 117 to 118\u003c/p\u003e\n\n\u003cpre\u003e\u003ccode\u003e\nSELECT count(distinct real_name) \n\tFROM name_list\n\tWHERE state = ''NJ''\n;\n\n\u003c/code\u003e\u003c/pre\u003e\n\n\u003cp\u003eYou should get back 1 row with a count of 10.\u003c/p\u003e\n\n\u003ch4\u003eTags: count,distinct,\u0026ldquo;count distinct\u0026rdquo;\u003c/h4\u003e\n","Lesson_no":6}' where homework_id = '63ddf32c-ac86-41cf-6437-85acca838d51';


insert into ct_homework ( homework_id, homework_title, homework_no, video_url, video_img, lesson_body ) values ( '46ac9a0c-918b-42da-5e8f-c4e587a423b0', 'Interactive - 07 - add a check constraint on age', '7', 'hw07.mp4', 'hw07.svg', '{}' );
insert into ct_tag ( tag_id, tag_word ) values ( 'fc589cfe-6f13-4e77-7d82-ecca3e0dfb79', 'alter table rename' );
insert into ct_tag_homework ( tag_id, homework_id ) values ( 'fc589cfe-6f13-4e77-7d82-ecca3e0dfb79', '46ac9a0c-918b-42da-5e8f-c4e587a423b0' );
insert into ct_tag ( tag_id, tag_word ) values ( 'a39e0a00-7624-4037-5d90-3cf8b0d5b8cc', 'rename' );
insert into ct_tag_homework ( tag_id, homework_id ) values ( 'a39e0a00-7624-4037-5d90-3cf8b0d5b8cc', '46ac9a0c-918b-42da-5e8f-c4e587a423b0' );
insert into ct_tag_homework ( tag_id, homework_id ) values ( 'ad80c5c1-3da1-4058-6be2-0ca022a21f3f', '46ac9a0c-918b-42da-5e8f-c4e587a423b0' );
insert into ct_tag ( tag_id, tag_word ) values ( '693b3702-55c8-40ae-4e0e-07dd08723ff2', 'drop table' );
insert into ct_tag_homework ( tag_id, homework_id ) values ( '693b3702-55c8-40ae-4e0e-07dd08723ff2', '46ac9a0c-918b-42da-5e8f-c4e587a423b0' );
insert into ct_tag ( tag_id, tag_word ) values ( '3583ed62-11af-457b-5f0b-85e473ab896a', 'insert select' );
insert into ct_tag_homework ( tag_id, homework_id ) values ( '3583ed62-11af-457b-5f0b-85e473ab896a', '46ac9a0c-918b-42da-5e8f-c4e587a423b0' );
insert into ct_val_homework ( val_id, homework_no, val_type, val_data  ) values ( '61b70cd9-2067-4396-6dad-b3803e96629b', 7, 'CountRows', '{%22Nr%22%3A[11]}' );
update ct_homework set lesson_body = '{"Lesson":"\u003cstyle\u003e\n.pagebreak { page-break-before: always; }\n.half { height: 200px; }\n\u003c/style\u003e\n\n\u003ch1\u003eInteractive - 07 - add a check constraint on age\u003c/h1\u003e\n\n\u003cp\u003eWe can use the Data Definition Language (DDL) - create table to check\nthat values are in a correct range or value.\u003c/p\u003e\n\n\u003cp\u003eThese are check constrains.\u003c/p\u003e\n\n\u003cp\u003eLet\u0026rsquo;s save our data for later, then recreate the table.\u003c/p\u003e\n\n\u003cp\u003eFirst we are going to rename the table - so we can save\nit for later.\u003c/p\u003e\n\n\u003cpre\u003e\u003ccode\u003eALTER TABLE name_list\n\tRENAME TO old_name_list;\n\u003c/code\u003e\u003c/pre\u003e\n\n\u003cp\u003eNow we will re-create the table with the check constraint.\u003c/p\u003e\n\n\u003cpre\u003e\u003ccode\u003ecreate table name_list (\n\treal_name text,\n\tage int check ( age \u0026gt; 0 and age \u0026lt; 154 ),\t\n\tstate char varying (2)\n);\n\n\u003c/code\u003e\u003c/pre\u003e\n\n\u003cp\u003eNow copy the data back.\u003c/p\u003e\n\n\u003cpre\u003e\u003ccode\u003einsert into name_list ( real_name, age, state ) \n\tselect real_name, age, state \n\tfrom old_name_list;\n\u003c/code\u003e\u003c/pre\u003e\n\n\u003cp\u003eVerify data amount.  Check how many rows.\u003c/p\u003e\n\n\u003cpre\u003e\u003ccode\u003eselect count(1) from name_list;\nselect count(1) from old_name_list;\n\u003c/code\u003e\u003c/pre\u003e\n\n\u003cp\u003eProvided that the counts are the same let\u0026rsquo;s clean up the temporary table with the old data.\u003c/p\u003e\n\n\u003cpre\u003e\u003ccode\u003edrop table old_name_list;\n\u003c/code\u003e\u003c/pre\u003e\n\n\u003cp\u003eAnd let\u0026rsquo;s look at the data.\u003c/p\u003e\n\n\u003cpre\u003e\u003ccode\u003eselect * from name_list;\n\u003c/code\u003e\u003c/pre\u003e\n\n\u003cp\u003eYou should see 10 rows.  The duplicate should be removed.\u003c/p\u003e\n\n\u003cp\u003eBook: page 132\u003c/p\u003e\n\n\u003ch4\u003eTags: \u0026ldquo;alter table rename\u0026rdquo;,\u0026ldquo;rename\u0026rdquo;,\u0026ldquo;insert\u0026rdquo;,\u0026ldquo;drop table\u0026rdquo;,\u0026ldquo;insert select\u0026rdquo;\u003c/h4\u003e\n","Lesson_no":7}' where homework_id = '46ac9a0c-918b-42da-5e8f-c4e587a423b0';


insert into ct_homework ( homework_id, homework_title, homework_no, video_url, video_img, lesson_body ) values ( '5539dcd1-26dc-482c-76f1-625e6af1ae32', 'Interactive - 08 - create unique id and a primary key', '8', 'hw08.mp4', 'hw08.svg', '{}' );
insert into ct_tag ( tag_id, tag_word ) values ( '0d71f42f-bcd1-4110-77fa-1bd8193aa3c2', 'primary key' );
insert into ct_tag_homework ( tag_id, homework_id ) values ( '0d71f42f-bcd1-4110-77fa-1bd8193aa3c2', '5539dcd1-26dc-482c-76f1-625e6af1ae32' );
insert into ct_tag ( tag_id, tag_word ) values ( '1ff60f1e-a98c-4076-78c7-9bb262a662da', 'uuid' );
insert into ct_tag_homework ( tag_id, homework_id ) values ( '1ff60f1e-a98c-4076-78c7-9bb262a662da', '5539dcd1-26dc-482c-76f1-625e6af1ae32' );
insert into ct_tag ( tag_id, tag_word ) values ( 'f81c00f7-0747-4c18-6c35-9a48b2bae07e', 'unique id' );
insert into ct_tag_homework ( tag_id, homework_id ) values ( 'f81c00f7-0747-4c18-6c35-9a48b2bae07e', '5539dcd1-26dc-482c-76f1-625e6af1ae32' );
insert into ct_tag ( tag_id, tag_word ) values ( '42bc4eaa-0e96-4b44-70bd-ba9bb886e1eb', 'UUID' );
insert into ct_tag_homework ( tag_id, homework_id ) values ( '42bc4eaa-0e96-4b44-70bd-ba9bb886e1eb', '5539dcd1-26dc-482c-76f1-625e6af1ae32' );
insert into ct_val_homework ( val_id, homework_no, val_type, val_data  ) values ( 'ba658f7d-c131-4482-7695-0c49128cbb01', 8, 'SQL-Select', 'select ''PASS'' as x from ( select count(1) as x from name_list ) as t1 where t1.x = 11 ' );
update ct_homework set lesson_body = '{"Lesson":"\u003cstyle\u003e\n.pagebreak { page-break-before: always; }\n.half { height: 200px; }\n\u003c/style\u003e\n\n\u003ch1\u003eInteractive - 08 - create unique id and a primary key\u003c/h1\u003e\n\n\u003cp\u003eIt is really hard to update data when you don\u0026rsquo;t have a unique way of identifying a row.\nPeople will often imagine that there is something unique in the data.  Some combination\nof name/date/place-of-birth, generally it is not true.\u003c/p\u003e\n\n\u003cp\u003eThe easy way to deal with this is to create unique keys.  PostgreSQL offers two ways\nof doing this.  The first is a key that counts up.   This makes short keys, that\u0026rsquo;s good\nbut also creates a bottle neck with a single source of \u0026ldquo;count-up\u0026rdquo; values.  The second\nway is use a university unique identifier or UUID.  UUIDs are can be created in parallel\nand will not collide.  This has lot\u0026rsquo;s of advantages, but they are long, hard to type\nand take up lots of space in your database.\u003c/p\u003e\n\n\u003cp\u003eWe will get back to sequential values later, for a different purpose.  Let\u0026rsquo;s do the\nmore general approach and use UUIDs.\u003c/p\u003e\n\n\u003cp\u003eWe are going to change our table to have a unique ID column, then create an index\non that column.\u003c/p\u003e\n\n\u003cp\u003eThis relies on having a way to generate UUIDs, it is an extension package to the\ndefault PostgreSQL database. (double quotes, \u003ccode\u003e\u0026quot;\u003c/code\u003e are correct for this command).\u003c/p\u003e\n\n\u003cpre\u003e\u003ccode\u003eCREATE EXTENSION IF NOT EXISTS \u0026quot;uuid-ossp\u0026quot;;\n\n\u003c/code\u003e\u003c/pre\u003e\n\n\u003cp\u003eThere are ways to add a column to the table without re-creating the table.\nThey will not work for this.\u003c/p\u003e\n\n\u003cp\u003eLet\u0026rsquo;s save our data for later, then recreate the table.\u003c/p\u003e\n\n\u003cp\u003eFirst we are going to rename the table, so we can save\nit for later. (Familiar, we did this last time)\u003c/p\u003e\n\n\u003cpre\u003e\u003ccode\u003eALTER TABLE name_list\n\tRENAME TO old_name_list;\n\u003c/code\u003e\u003c/pre\u003e\n\n\u003cp\u003eNow we will re-create the table with the check constraint.\u003c/p\u003e\n\n\u003cpre\u003e\u003ccode\u003ecreate table name_list (\n\tname_list_id UUID NOT NULL DEFAULT uuid_generate_v4() primary key,\n\treal_name text,\n\tage int check ( age \u0026gt; 0 and age \u0026lt; 154 ),\t\n\tstate char varying (2)\n);\n\n\u003c/code\u003e\u003c/pre\u003e\n\n\u003cp\u003eNow copy the data back.\u003c/p\u003e\n\n\u003cpre\u003e\u003ccode\u003einsert into name_list ( real_name, age, state ) \n\tselect real_name, age, state \n\tfrom old_name_list;\n\u003c/code\u003e\u003c/pre\u003e\n\n\u003cp\u003eVerify data amount.  Check how many rows.\u003c/p\u003e\n\n\u003cpre\u003e\u003ccode\u003eselect count(1) from name_list;\nselect count(1) from old_name_list;\n\u003c/code\u003e\u003c/pre\u003e\n\n\u003cp\u003eProvided that the counts are the same let\u0026rsquo;s clean up the temporary table with the old data.\u003c/p\u003e\n\n\u003cpre\u003e\u003ccode\u003edrop table old_name_list;\n\u003c/code\u003e\u003c/pre\u003e\n\n\u003cp\u003eThere are 2 parts that we added.  Both a ID column that is unique and\na thing called a \u003ccode\u003ePRIMARY KEY\u003c/code\u003e.\u003c/p\u003e\n\n\u003cp\u003eYour result should be similar to this list (the name_list_id\u0026rsquo;s will\nbe unique to you and will not match the UUIDs below).\u003c/p\u003e\n\n\u003cpre\u003e\u003ccode\u003e             name_list_id             |      real_name      | age | state \n--------------------------------------+---------------------+-----+-------\n 1fb069ca-a4a2-412a-8401-c835b6c45cb7 | Jane True           |  20 | WY\n 39fff492-f369-4552-bf49-b8d7ae57bf9a | Tom Ace             |  31 | NJ\n 8e91d65f-ee0a-4642-8d62-1cc1e1058238 | Steve Pen           |  33 | NJ\n e245b3ec-9e5f-4112-ac7e-1d9732d9a4f1 | Laura Jean Alkinoos |  34 | PA\n b8c2468e-694d-46de-acc3-e8da239aa1a3 | Philip Schlump      |  62 | WY\n 983b17d2-39f7-45bc-96b2-66ffdbb96c0e | Bob True            |  22 | WY\n 2db6af28-47c7-4107-9b67-bdec3321f14c | Liz Trubune         |  30 | WY\n ea51c6b2-37f0-47ed-9211-d1064d3eacfd | Jane True           |  44 | WY\n 4c827537-1755-4242-8241-a77ff4173554 | Lary Smith          |  58 | NJ\n 3674b39d-4a61-45e0-99e6-65fb7edbbf82 | Dave Dave           |  21 | NJ\n e543c622-24be-4cc2-8241-e8a2dfd1f15c | Laura Ann Alkinoos  |  34 | PA\n(11 rows)\n\n\u003c/code\u003e\u003c/pre\u003e\n\n\u003cp\u003eThe grading code will look at the table name_list and verify that you have 11 rows of data in it.\u003c/p\u003e\n\n\u003ch4\u003eTags: \u0026ldquo;primary key\u0026rdquo;,\u0026ldquo;uuid\u0026rdquo;,\u0026ldquo;unique id\u0026rdquo;,\u0026ldquo;UUID\u0026rdquo;\u003c/h4\u003e\n","Lesson_no":8}' where homework_id = '5539dcd1-26dc-482c-76f1-625e6af1ae32';


insert into ct_homework ( homework_id, homework_title, homework_no, video_url, video_img, lesson_body ) values ( '0ac63e5d-a1c8-48ba-588f-67501edec0a3', 'Interactive - 09 - add a table with state codes', '9', 'hw09.mp4', 'hw09.svg', '{}' );
insert into ct_tag ( tag_id, tag_word ) values ( '69bc50fd-f485-4148-42b3-62ded751e015', 'foreign key' );
insert into ct_tag_homework ( tag_id, homework_id ) values ( '69bc50fd-f485-4148-42b3-62ded751e015', '0ac63e5d-a1c8-48ba-588f-67501edec0a3' );
insert into ct_tag ( tag_id, tag_word ) values ( '15d61e7a-104a-45df-4323-c1285ee76c25', 'alter table' );
insert into ct_tag_homework ( tag_id, homework_id ) values ( '15d61e7a-104a-45df-4323-c1285ee76c25', '0ac63e5d-a1c8-48ba-588f-67501edec0a3' );
insert into ct_tag ( tag_id, tag_word ) values ( '380a2b31-208c-465d-405e-e575dfc09728', 'add constraint' );
insert into ct_tag_homework ( tag_id, homework_id ) values ( '380a2b31-208c-465d-405e-e575dfc09728', '0ac63e5d-a1c8-48ba-588f-67501edec0a3' );
insert into ct_val_homework ( val_id, homework_no, val_type, val_data  ) values ( '0aa6a6aa-c765-44c2-5b09-ff106e0cf996', 9, 'SQL-Select', 'select ''PASS'' as x' );
update ct_homework set lesson_body = '{"Lesson":"\u003cstyle\u003e\n.pagebreak { page-break-before: always; }\n.half { height: 200px; }\n\u003c/style\u003e\n\n\u003ch1\u003eInteractive - 09 - add a table with state codes\u003c/h1\u003e\n\n\u003cp\u003eA check constraint on all the state codes would be very long.   There are also\ntimes when that is just not the best way to check that a value is correct.\u003c/p\u003e\n\n\u003cp\u003eThere is a different way to check that a value is in a range of values.\nThat is to add a new table that contains all the values and have the\ndatabase verify that new values are in this list.\u003c/p\u003e\n\n\u003cp\u003eFirst let\u0026rsquo;s create the table with the values.  We can also have the\ndatabase verify that nobody puts in an empty state name.  This is\nthe \u0026ldquo;NOT NULL\u0026rdquo; on each of the types.\u003c/p\u003e\n\n\u003cpre\u003e\u003ccode\u003eCREATE TABLE us_state (\n\tstate_id UUID NOT NULL DEFAULT uuid_generate_v4() primary key,\n\tstate_name text NOT NULL,\n\tstate char varying (2) NOT NULL,\n\tFIPS_code char varying (2) NOT NULL\n);\n\n\u003c/code\u003e\u003c/pre\u003e\n\n\u003cp\u003eWe will also need an index on the state code so that we can\nreference it.\u003c/p\u003e\n\n\u003cpre\u003e\u003ccode\u003eCREATE UNIQUE INDEX us_state_uidx1 on us_state ( state );\n\n\u003c/code\u003e\u003c/pre\u003e\n\n\u003cp\u003eThen we need to populate the state table with states.  Please cut-and-paste\nthis or use the supplied file to insert the states.\u003c/p\u003e\n\n\u003cpre\u003e\u003ccode\u003eINSERT INTO us_state ( state_name, state, FIPS_code ) values\n\t(''Alabama'',''AL'',''01''),\n\t(''Alaska'',''AK'',''02''),\n\t(''Arizona'',''AZ'',''04''),\n\t(''Arkansas'',''AR'',''05''),\n\t(''California'',''CA'',''06''),\n\t(''Colorado'',''CO'',''08''),\n\t(''Connecticut'',''CT'',''09''),\n\t(''Delaware'',''DE'',''10''),\n\t(''District of Columbia'',''DC'',''11''),\n\t(''Florida'',''FL'',''12''),\n\t(''Georgia'',''GA'',''13''),\n\t(''Hawaii'',''HI'',''15''),\n\t(''Idaho'',''ID'',''16''),\n\t(''Illinois'',''IL'',''17''),\n\t(''Indiana'',''IN'',''18''),\n\t(''Iowa'',''IA'',''19''),\n\t(''Kansas'',''KS'',''20''),\n\t(''Kentucky'',''KY'',''21''),\n\t(''Louisiana'',''LA'',''22''),\n\t(''Maine'',''ME'',''23''),\n\t(''Maryland'',''MD'',''24''),\n\t(''Massachusetts'',''MA'',''25''),\n\t(''Michigan'',''MI'',''26''),\n\t(''Minnesota'',''MN'',''27''),\n\t(''Mississippi'',''MS'',''28''),\n\t(''Missouri'',''MO'',''29''),\n\t(''Montana'',''MT'',''30''),\n\t(''Nebraska'',''NE'',''31''),\n\t(''Nevada'',''NV'',''32''),\n\t(''New Hampshire'',''NH'',''33''),\n\t(''New Jersey'',''NJ'',''34''),\n\t(''New Mexico'',''NM'',''35''),\n\t(''New York'',''NY'',''36''),\n\t(''North Carolina'',''NC'',''37''),\n\t(''North Dakota'',''ND'',''38''),\n\t(''Ohio'',''OH'',''39''),\n\t(''Oklahoma'',''OK'',''40''),\n\t(''Oregon'',''OR'',''41''),\n\t(''Pennsylvania'',''PA'',''42''),\n\t(''Puerto Rico'',''PR'',''72''),\n\t(''Rhode Island'',''RI'',''44''),\n\t(''South Carolina'',''SC'',''45''),\n\t(''South Dakota'',''SD'',''46''),\n\t(''Tennessee'',''TN'',''47''),\n\t(''Texas'',''TX'',''48''),\n\t(''Utah'',''UT'',''49''),\n\t(''Vermont'',''VT'',''50''),\n\t(''Virginia'',''VA'',''51''),\n\t(''Virgin Islands'',''VI'',''78''),\n\t(''Washington'',''WA'',''53''),\n\t(''West Virginia'',''WV'',''54''),\n\t(''Wisconsin'',''WI'',''55''),\n\t(''Wyoming'',''WY'',''56'')\n;\n\n\u003c/code\u003e\u003c/pre\u003e\n\n\u003cp\u003eNow let\u0026rsquo;s make the relationship between them know to the database.\nThis is called a foreign key constraint.\u003c/p\u003e\n\n\u003cpre\u003e\u003ccode\u003eALTER TABLE name_list \n\tADD CONSTRAINT name_list_state_fk\n\tFOREIGN KEY (state) \n\tREFERENCES us_state (state)\n;\n\n\u003c/code\u003e\u003c/pre\u003e\n\n\u003cp\u003eNow when we try to insert data that is has an invalid state code\ninto our list of names it will get rejected.\u003c/p\u003e\n\n\u003cp\u003eThe following SQL will \u003cem\u003enot\u003c/em\u003e run successfully\u003c/p\u003e\n\n\u003cpre\u003e\u003ccode\u003einsert into name_list ( real_name, state ) values\n\t( ''nobody'', ''XX'' )\n;\n\u003c/code\u003e\u003c/pre\u003e\n\n\u003cp\u003eYou should get an error that looks similar to:\u003c/p\u003e\n\n\u003cpre\u003e\u003ccode\u003eERROR:  insert or update on table \u0026quot;name_list\u0026quot; violates foreign key constraint \u0026quot;name_list_state_fk\u0026quot;\nDETAIL:  Key (state)=(XX) is not present in table \u0026quot;us_state\u0026quot;.\n\u003c/code\u003e\u003c/pre\u003e\n\n\u003cp\u003eBook: page 107, 136\u003c/p\u003e\n\n\u003ch4\u003eTags: \u0026ldquo;foreign key\u0026rdquo;,\u0026ldquo;alter table\u0026rdquo;,\u0026ldquo;add constraint\u0026rdquo;\u003c/h4\u003e\n","Lesson_no":9}' where homework_id = '0ac63e5d-a1c8-48ba-588f-67501edec0a3';


insert into ct_homework ( homework_id, homework_title, homework_no, video_url, video_img, lesson_body ) values ( 'a0c6154d-8c3c-4cfb-78b6-11913513a7e6', 'Interactive - 10 - add a index on the name table', '10', 'hw10.mp4', 'hw10.svg', '{}' );
insert into ct_tag ( tag_id, tag_word ) values ( 'c23a5e0e-03ce-43e2-53fd-dc878d2eb6d6', 'create index' );
insert into ct_tag_homework ( tag_id, homework_id ) values ( 'c23a5e0e-03ce-43e2-53fd-dc878d2eb6d6', 'a0c6154d-8c3c-4cfb-78b6-11913513a7e6' );
insert into ct_val_homework ( val_id, homework_no, val_type, val_data  ) values ( 'f0b5bbf8-cc36-4770-6ad7-59740d8d6297', 10, 'SQL-Select', 'select ''PASS'' as x' );
update ct_homework set lesson_body = '{"Lesson":"\u003cstyle\u003e\n.pagebreak { page-break-before: always; }\n.half { height: 200px; }\n\u003c/style\u003e\n\n\u003ch1\u003eInteractive - 10 - add a index on the name table\u003c/h1\u003e\n\n\u003cp\u003eWe have already added indexes but we need to make this process explicit.\u003c/p\u003e\n\n\u003cp\u003eThe most common indexes are based on special kind of tree called a b-tree.\u003c/p\u003e\n\n\u003cp\u003eIt is a very wide tree that allows us to get to the data stored on disk\nquickly.  This is not the only kind of index.\u003c/p\u003e\n\n\u003cp\u003eThere are indexes for other things that are built into PostgreSQL.\u003c/p\u003e\n\n\u003cp\u003eLet\u0026rsquo;s create an index on the real_name field.\u003c/p\u003e\n\n\u003cp\u003eThe general form for the create index looks like:\u003c/p\u003e\n\n\u003cpre\u003e\u003ccode\u003ecreate [unique] index \u0026lt;index-name\u0026gt; on \u0026lt;table-name\u0026gt; (\n\t\u0026lt;colunm-name-1\u0026gt;,\n\t\u0026lt;col-2\u0026gt;,\n\t...\n);\n\u003c/code\u003e\u003c/pre\u003e\n\n\u003cp\u003eSo\u0026hellip;\u003c/p\u003e\n\n\u003cpre\u003e\u003ccode\u003eCREATE INDEX name_list_idx1 on name_list ( real_name );\n\n\u003c/code\u003e\u003c/pre\u003e\n\n\u003cp\u003eNow when we search for a name it will use the index to help to find the\nnames in the table.  If we have a million names in many blocks of data\nit will only take a few blocks of index search to get to the row with\nthe name we are interested in.\u003c/p\u003e\n\n\u003cp\u003eThe disadvantage is that we have to have the exact name to search on.\nDo you remember our lower-case name, \u003ccode\u003ebob true\u003c/code\u003e from the 2nd homework.\nIf we look for that we will not find it at all because we fixed the\nname to be \u003ccode\u003eBob True\u003c/code\u003e.\u003c/p\u003e\n\n\u003cpre\u003e\u003ccode\u003eselect * from name_list where real_name = ''bob true'';\n\u003c/code\u003e\u003c/pre\u003e\n\n\u003cp\u003eIndexes are important because this is the primary way that we can\ninfluence the performance of a database.   If we add the word \u0026ldquo;unique\u0026rdquo;\nthen it also grantees that a column of data is unique.\u003c/p\u003e\n\n\u003cp\u003eNote that we can build indexes on more than one column.  If that is\nthe case then a for a select to use the multi-column index will\nrequire that all of the columns in the index are in the where\nclause.\u003c/p\u003e\n\n\u003cp\u003eIndexes are also used when we sort data to get it back in order.\nWe will return to this subject of sorting data in a future\nhomework.\u003c/p\u003e\n\n\u003cp\u003eBook: Page 108 to 111\u003c/p\u003e\n\n\u003ch4\u003eTags: \u0026ldquo;create index\u0026rdquo;\u003c/h4\u003e\n","Lesson_no":10}' where homework_id = 'a0c6154d-8c3c-4cfb-78b6-11913513a7e6';


insert into ct_homework ( homework_id, homework_title, homework_no, video_url, video_img, lesson_body ) values ( '529b74d6-a83e-4e84-6346-5b5124d9cb60', 'Interactive - 11 - add a index on the name table that is case insensitive.', '11', 'hw11.mp4', 'hw11.svg', '{}' );
insert into ct_tag ( tag_id, tag_word ) values ( 'dc12353f-e974-4168-7e00-faf5176761de', 'index' );
insert into ct_tag_homework ( tag_id, homework_id ) values ( 'dc12353f-e974-4168-7e00-faf5176761de', '529b74d6-a83e-4e84-6346-5b5124d9cb60' );
insert into ct_tag_homework ( tag_id, homework_id ) values ( 'c23a5e0e-03ce-43e2-53fd-dc878d2eb6d6', '529b74d6-a83e-4e84-6346-5b5124d9cb60' );
insert into ct_tag ( tag_id, tag_word ) values ( '066f5876-4e9b-4ab6-5b2c-4baa121a4d53', 'lower' );
insert into ct_tag_homework ( tag_id, homework_id ) values ( '066f5876-4e9b-4ab6-5b2c-4baa121a4d53', '529b74d6-a83e-4e84-6346-5b5124d9cb60' );
update ct_homework set lesson_body = '{"Lesson":"\u003cstyle\u003e\n.pagebreak { page-break-before: always; }\n.half { height: 200px; }\n\u003c/style\u003e\n\n\u003ch1\u003eInteractive - 11 - add a index on the name table that is case insensitive.\u003c/h1\u003e\n\n\u003cp\u003eLet\u0026rsquo;s address the case sensitive problem first.\u003c/p\u003e\n\n\u003cp\u003eWe can create indexes on functions of data.  This allows us to have\nan index where we convert the upper/lower case to all lower case\nand then index this result.\u003c/p\u003e\n\n\u003cpre\u003e\u003ccode\u003eCREATE INDEX user_real_name_ci_idx1 ON name_list ((lower(real_name)));\n\n\u003c/code\u003e\u003c/pre\u003e\n\n\u003cp\u003eNow when we search the table using the WHERE clause we can use the \u003ccode\u003elower()\u003c/code\u003e function on\nboth sides of the equal and use the index to find the data.\u003c/p\u003e\n\n\u003cpre\u003e\u003ccode\u003eSELECT * \n\tFROM name_list \n\tWHERE lower(real_name) = lower(''Bob True'')\n;\n\n\u003c/code\u003e\u003c/pre\u003e\n\n\u003cp\u003eIndexes are also a disadvantage.  Every insert of a row now requires an insert\nto each of the indexes.  They take up storage space.   This means that we are\nusing space and time at data insert or update to save time when we select the\ndata back.  Most interactive databases have 10 to 20 times as many selects\nas they do insert/update operations.   So this is usually a good tried off.\u003c/p\u003e\n\n\u003cp\u003eWe can also get the database to tell us the set of indexes that are not\nused.  We may want to get rid of unused indexes.  We can do that with\u003c/p\u003e\n\n\u003cpre\u003e\u003ccode\u003edrop index \u0026lt;index_name\u0026gt;;\n\u003c/code\u003e\u003c/pre\u003e\n\n\u003cp\u003eCare should be taken.  If the index is a \u0026ldquo;UNIQUE\u0026rdquo; index and you remove it\nyou are also removing the unique constraint on the column of data.\u003c/p\u003e\n\n\u003cp\u003eLet\u0026rsquo;s get rid of the index that is upper-lower case on the table.\u003c/p\u003e\n\n\u003cpre\u003e\u003ccode\u003edrop index name_list_idx1;\n\u003c/code\u003e\u003c/pre\u003e\n\n\u003cp\u003eThis is the query that I used to find unused indexes (it\u0026rsquo;s a bit complicated):\nWe will use this in a homework on database performance later in the class.\u003c/p\u003e\n\n\u003cpre\u003e\u003ccode\u003eSELECT\n    idstat.relname AS TABLE_NAME,\n    indexrelname AS INDEX_NAME,\n    idstat.idx_scan AS index_scans_count,\n    pg_size_pretty(pg_relation_size(indexrelid)) AS index_size,\n    tabstat.idx_scan AS table_reads_index_count,\n    tabstat.seq_scan AS table_reads_seq_count,\n    tabstat.seq_scan + tabstat.idx_scan AS table_reads_count,\n    n_tup_upd + n_tup_ins + n_tup_del AS table_writes_count,\n    pg_size_pretty(pg_relation_size(idstat.relid)) AS table_size\nFROM pg_stat_user_indexes AS idstat\n\tJOIN pg_indexes ON indexrelname = indexname\n\t\t\tAND idstat.schemaname = pg_indexes.schemaname\n\tJOIN pg_stat_user_tables AS tabstat ON idstat.relid = tabstat.relid\nWHERE indexdef !~* ''unique''\nORDER BY\n    idstat.idx_scan DESC,\n    pg_relation_size(indexrelid) DESC\n;\n\n\u003c/code\u003e\u003c/pre\u003e\n\n\u003cp\u003ePlease cut/past the above query and run it once.\u003c/p\u003e\n\n\u003cp\u003eThings to note:\u003c/p\u003e\n\n\u003col\u003e\n\u003cli\u003eThe index name has to be unique.\u003c/li\u003e\n\u003cli\u003eYou can have more than one index on a table.\u003c/li\u003e\n\u003cli\u003eFunction based indexes require that the function be run on every insert.  That takes time.\u003c/li\u003e\n\u003cli\u003eWe can create our own functions and index on them as well.   We will return to this subject later with \u003ccode\u003esoundex()\u003c/code\u003e\u003c/li\u003e\n\u003c/ol\u003e\n\n\u003ch4\u003eTags: index,\u0026ldquo;create index\u0026rdquo;,\u0026ldquo;lower\u0026rdquo;\u003c/h4\u003e\n","Lesson_no":11}' where homework_id = '529b74d6-a83e-4e84-6346-5b5124d9cb60';


insert into ct_homework ( homework_id, homework_title, homework_no, video_url, video_img, lesson_body ) values ( '2f06ea5d-629a-476a-6ae4-7d069f51562e', 'Interactive - 12 - fix our duplicate data', '12', 'hw12.mp4', 'hw12.svg', '{}' );
insert into ct_tag ( tag_id, tag_word ) values ( '35c970a1-4ebf-4b0c-55ae-04e9f85fa0e1', 'duplicate data' );
insert into ct_tag_homework ( tag_id, homework_id ) values ( '35c970a1-4ebf-4b0c-55ae-04e9f85fa0e1', '2f06ea5d-629a-476a-6ae4-7d069f51562e' );
insert into ct_tag ( tag_id, tag_word ) values ( 'df09ced9-86e9-439f-73b3-b09ab1d04e32', 'delete' );
insert into ct_tag_homework ( tag_id, homework_id ) values ( 'df09ced9-86e9-439f-73b3-b09ab1d04e32', '2f06ea5d-629a-476a-6ae4-7d069f51562e' );
insert into ct_tag ( tag_id, tag_word ) values ( '01f2a40f-ae61-448b-647b-1ca122b48e0d', 'type cast' );
insert into ct_tag_homework ( tag_id, homework_id ) values ( '01f2a40f-ae61-448b-647b-1ca122b48e0d', '2f06ea5d-629a-476a-6ae4-7d069f51562e' );
insert into ct_tag ( tag_id, tag_word ) values ( '12938bf0-4a39-47d0-44bd-4419ef90ca85', 'min' );
insert into ct_tag_homework ( tag_id, homework_id ) values ( '12938bf0-4a39-47d0-44bd-4419ef90ca85', '2f06ea5d-629a-476a-6ae4-7d069f51562e' );
insert into ct_tag ( tag_id, tag_word ) values ( 'c7e2deb0-cf63-464b-4451-40d9decbe317', 'not in' );
insert into ct_tag_homework ( tag_id, homework_id ) values ( 'c7e2deb0-cf63-464b-4451-40d9decbe317', '2f06ea5d-629a-476a-6ae4-7d069f51562e' );
update ct_homework set lesson_body = '{"Lesson":"\u003cstyle\u003e\n.pagebreak { page-break-before: always; }\n.half { height: 200px; }\n\u003c/style\u003e\n\n\u003ch1\u003eInteractive - 12 - fix our duplicate data\u003c/h1\u003e\n\n\u003cp\u003eNow that we have a unique primary key we can fix the duplicate name and its row.\u003c/p\u003e\n\n\u003cpre\u003e\u003ccode\u003eSELECT * from name_list;\n\n\u003c/code\u003e\u003c/pre\u003e\n\n\u003cp\u003eThis shows us 2 rows and we would like to delete just one of them.  Without the unique\nprimary key this is really hard to do.  With the key we can delete one of the two rows.\u003c/p\u003e\n\n\u003cp\u003eThis makes for a complex query.   First let\u0026rsquo;s select the UUID column, name_list_id\nwhere the duplicate is.\u003c/p\u003e\n\n\u003cpre\u003e\u003ccode\u003eSELECT name_list_id\n\tFROM name_list \n\tWHERE real_name = ''Jane True''\n;\n\n\u003c/code\u003e\u003c/pre\u003e\n\n\u003cp\u003eNow let\u0026rsquo;s just select 1 of the IDs. To do this we have to convert the UUID to text,\nthat is the \u003ccode\u003e::text\u003c/code\u003e so that we can use a function \u003ccode\u003emin()\u003c/code\u003e on it.  This is kind of\na random pick - but it will give us just 1 UUID.\u003c/p\u003e\n\n\u003cpre\u003e\u003ccode\u003eSELECT min(name_list_id::text)\n\tFROM name_list \n\tWHERE real_name = ''Jane True''\n;\n\n\u003c/code\u003e\u003c/pre\u003e\n\n\u003cp\u003eNow we can delete and skip over the 1 UUID that we picked from above.  This is\nthe \u003ccode\u003enot in\u003c/code\u003e portion - where we put a select inside the delete.\u003c/p\u003e\n\n\u003cpre\u003e\u003ccode\u003eDELETE FROM name_list\n\tWHERE real_name = ''Jane True''\n\t  AND name_list_id::text not in (\n\t\tSELECT min(name_list_id::text)\n\t\tFROM name_list \n\t\tWHERE real_name = ''Jane True''\n\t)\n;\n\n\u003c/code\u003e\u003c/pre\u003e\n\n\u003cp\u003eNow select again and we have removed the duplicate.\u003c/p\u003e\n\n\u003cpre\u003e\u003ccode\u003eSELECT * from name_list;\n\n\u003c/code\u003e\u003c/pre\u003e\n\n\u003ch4\u003eTags: \u0026ldquo;duplicate data\u0026rdquo;,\u0026ldquo;delete\u0026rdquo;,\u0026ldquo;type cast\u0026rdquo;,\u0026ldquo;min\u0026rdquo;,\u0026ldquo;not in\u0026rdquo;\u003c/h4\u003e\n","Lesson_no":12}' where homework_id = '2f06ea5d-629a-476a-6ae4-7d069f51562e';


insert into ct_homework ( homework_id, homework_title, homework_no, video_url, video_img, lesson_body ) values ( '8f3d4ef2-ec18-4d7c-7580-1595223e09a4', 'Interactive - 13 - drop both tables', '13', 'hw13.mp4', 'hw13.svg', '{}' );
insert into ct_tag ( tag_id, tag_word ) values ( 'd91b01d2-cea0-4592-4c59-9601ab6f8a06', 'reload data' );
insert into ct_tag_homework ( tag_id, homework_id ) values ( 'd91b01d2-cea0-4592-4c59-9601ab6f8a06', '8f3d4ef2-ec18-4d7c-7580-1595223e09a4' );
insert into ct_tag ( tag_id, tag_word ) values ( '3c682336-ccf6-4aa5-7bdc-dfd5e01ed506', 'drop cascade' );
insert into ct_tag_homework ( tag_id, homework_id ) values ( '3c682336-ccf6-4aa5-7bdc-dfd5e01ed506', '8f3d4ef2-ec18-4d7c-7580-1595223e09a4' );
insert into ct_val_homework ( val_id, homework_no, val_type, val_data  ) values ( '5fa05dbd-7582-40f7-4ec1-6f841db6eecf', 13, 'SQL-Select', 'select ''PASS'' from ( select count(1) as cnt from us_state ) as foo where foo.cnt = 53' );
insert into ct_file_list ( file_list_id, homework_no, file_name ) values ( 'd1af7f25-d6d6-42e2-7610-774ab1110faa', 13, 'hw13_4.sql' );
update ct_homework set lesson_body = '{"Lesson":"\u003cstyle\u003e\n.pagebreak { page-break-before: always; }\n.half { height: 200px; }\n\u003c/style\u003e\n\n\u003ch1\u003eInteractive - 13 - drop both tables\u003c/h1\u003e\n\n\u003cp\u003eLet\u0026rsquo;s try getting rid of our 2 tables.   Our first attempt to do this will fail.\u003c/p\u003e\n\n\u003cpre\u003e\u003ccode\u003edrop table us_state;\n\u003c/code\u003e\u003c/pre\u003e\n\n\u003cp\u003eWe have a dependency via foreign constraint on us_state.  That is name_list.\u003c/p\u003e\n\n\u003cp\u003eWe can do this in order - or we can use an option to \u0026ldquo;cascade\u0026rdquo; the drops.\n\u0026ldquo;cascade\u0026rdquo; is powerful but dangerous.  In PosgreSQL it will drop the table\nand associated constraints.  In Oracle it cascades to the tables referenced!\u003c/p\u003e\n\n\u003cpre\u003e\u003ccode\u003e\nDROP table name_list;\nDROP table us_state;\n\n\n\u003c/code\u003e\u003c/pre\u003e\n\n\u003cp\u003eNow use the supplied script to re-create the tables.  There will be some additional\ncolumns when you do this that we will use in future homework exercises.\u003c/p\u003e\n\n\u003cp\u003eThe file is hw13_4.sql - run the entire file.  The file is show below.   After you\nhave run the file do the select to see a table of the states.\u003c/p\u003e\n\n\u003cpre\u003e\u003ccode\u003e\nDROP TABLE if exists name_list cascade ;\nDROP TABLE if exists us_state cascade ;\n\nCREATE TABLE us_state (\n\tstate_id       UUID NOT NULL DEFAULT uuid_generate_v4() primary key,\n\tstate_name     text NOT NULL,\n\tstate          char varying (2) NOT NULL,\n\tFIPS_code      char varying (2) NOT NULL,\n\tarea_rank      int not null default 9999,\n\tarea_sq_mi     numeric not null default 0,\n\tpopulation     int not null default 0,\n\tfed_area       int   not null default 0,\n\tgdp_growth     float null default 0.0,\n\tgdp            float null default 0.0\n);\n\nCREATE UNIQUE INDEX us_state_uidx1 on us_state ( state );\n\n\nINSERT INTO us_state\n    ( state_name,             state,  FIPS_code,  population, area_rank, area_sq_mi, fed_area, gdp_growth, gdp ) values\n\t( ''Alabama'',               ''AL'',     ''01'' ,      4903185,        25,      50750,     6,         2.0,   196.9  ),\n\t( ''Alaska'',                ''AK'',     ''02'' ,       731545,         1,     570641,    12,        -0.3,    52.3  ),\n\t( ''Arizona'',               ''AZ'',     ''04'' ,      7278717,         6,     113642,    12,         4.0,   309.1  ),\n\t( ''Arkansas'',              ''AR'',     ''05'' ,      3017825,        27,      52075,     8,         0.9,   115.9  ),\n\t( ''California'',            ''CA'',     ''06'' ,     39512223,         3,     155973,    12,         3.5,  2700.0  ),\n\t( ''Colorado'',              ''CO'',     ''08'' ,      5758736,         8,     103730,    10,         3.5,   336.4  ),\n\t( ''Connecticut'',           ''CT'',     ''09'' ,      3565387,        48,       4845,     1,         1.0,   242.2  ),\n\t( ''Delaware'',              ''DE'',     ''10'' ,       973764,        50,       1955,     3,         0.3,    63.9  ),\n\t( ''District of Columbia'',  ''DC'',     ''11'' ,       705749,        52,        137,     5,         3.2,  125.94  ),\n\t( ''Florida'',               ''FL'',     ''12'' ,     21477737,        26,      53997,     6,         3.5,   917.0  ),\n\t( ''Georgia'',               ''GA'',     ''13'' ,     10617423,        21,      57919,     6,         2.6,   522.4  ),\n\t( ''Hawaii'',                ''HI'',     ''15'' ,      1415872,        47,       6423,    12,         1.0,    80.8  ),\n\t( ''Idaho'',                 ''ID'',     ''16'' ,      1787065,        11,      82751,    12,         4.1,    69.9  ),\n\t( ''Illinois'',              ''IL'',     ''17'' ,     12671821,        24,      55593,     7,         2.1,   764.2  ),\n\t( ''Indiana'',               ''IN'',     ''18'' ,      6732219,        38,      35870,     7,         1.9,   326.1  ),\n\t( ''Iowa'',                  ''IA'',     ''19'' ,      3155070,        23,      55875,     7,         1.4,   170.7  ),\n\t( ''Kansas'',                ''KS'',     ''20'' ,      2913314,        13,      81823,    10,         1.9,   152.3  ),\n\t( ''Kentucky'',              ''KY'',     ''21'' ,      4467673,        36,      39732,     8,         1.4,   186.1  ),\n\t( ''Louisiana'',             ''LA'',     ''22'' ,      4648794,        33,      43566,    11,         1.1,   231.2  ),\n\t( ''Maine'',                 ''ME'',     ''23'' ,      1344212,        39,      30865,     1,         1.9,    56.7  ),\n\t( ''Maryland'',              ''MD'',     ''24'' ,      6045680,        42,       9775,     5,         1.6,   367.9  ),\n\t( ''Massachusetts'',         ''MA'',     ''25'' ,      6949503,        45,       7838,     1,         2.7,   501.3  ),\n\t( ''Michigan'',              ''MI'',     ''26'' ,      9986857,        22,      56539,     7,         2.7,   468.4  ),\n\t( ''Minnesota'',             ''MN'',     ''27'' ,      5639632,        14,      79617,     9,         2.2,   331.4  ),\n\t( ''Mississippi'',           ''MS'',     ''28'' ,      2976149,        31,      46914,     6,         1.0,   101.6  ),\n\t( ''Missouri'',              ''MO'',     ''29'' ,      6137428,        18,      68898,     8,         2.3,   282.2  ),\n\t( ''Montana'',               ''MT'',     ''30'' ,      1068778,         4,     145556,     9,         0.9,    44.8  ),\n\t( ''Nebraska'',              ''NE'',     ''31'' ,      1934408,        15,      76878,    10,         1.5,   112.2  ),\n\t( ''Nevada'',                ''NV'',     ''32'' ,      3080156,         7,     109806,    12,         3.2,   146.2  ),\n\t( ''New Hampshire'',         ''NH'',     ''33'' ,      1359711,        44,       8969,     1,         2.2,    75.6  ),\n\t( ''New Jersey'',            ''NJ'',     ''34'' ,      8882190,        46,       7419,     5,         2.0,   554.7  ),\n\t( ''New Mexico'',            ''NM'',     ''35'' ,      2096829,         5,     121365,    11,         1.8,    92.6  ),\n\t( ''New York'',              ''NY'',     ''36'' ,     19453561,        30,      47224,     2,         2.1,  1400.0  ),\n\t( ''North Carolina'',        ''NC'',     ''37'' ,     10488084,        29,      48718,     5,         2.9,   496.1  ),\n\t( ''North Dakota'',          ''ND'',     ''38'' ,       762062,        17,      68994,     9,         2.5,    51.2  ),\n\t( ''Ohio'',                  ''OH'',     ''39'' ,     11689100,        35,      40953,     4,         1.8,   601.5  ),\n\t( ''Oklahoma'',              ''OK'',     ''40'' ,      3956971,        19,      68679,    10,         1.8,   193.0  ),\n\t( ''Oregon'',                ''OR'',     ''41'' ,      4217737,        10,      96003,    12,         3.4,   213.7  ),\n\t( ''Pennsylvania'',          ''PA'',     ''42'' ,     12801989,        32,      44820,     4,         2.1,   712.1  ),\n\t( ''Puerto Rico'',           ''PR'',     ''72'' ,      3194000,        49,       3515,     2,         0.4,   101.0  ),\n\t( ''Rhode Island'',          ''RI'',     ''44'' ,      1059361,        51,       1034,     1,         0.6,    53.7  ),\n\t( ''South Carolina'',        ''SC'',     ''45'' ,      5148714,        40,      30111,     5,         1.6,   202.8  ),\n\t( ''South Dakota'',          ''SD'',     ''46'' ,       884659,        16,      75898,     9,         1.3,    45.9  ),\n\t( ''Tennessee'',             ''TN'',     ''47'' ,      6833174,        34,      41220,     6,         3.0,   322.9  ),\n\t( ''Texas'',                 ''TX'',     ''48'' ,     28995881,         2,     261914,    11,         3.2,  1700.0  ),\n\t( ''Utah'',                  ''UT'',     ''49'' ,      3205958,        12,      82168,    12,         4.3,   157.2  ),\n\t( ''Vermont'',               ''VT'',     ''50'' ,       623989,        43,       9249,     1,         1.2,    30.0  ),\n\t( ''Virginia'',              ''VA'',     ''51'' ,      8535519,        37,      39598,     5,         2.4,    71.3  ),\n\t( ''Virgin Islands'',        ''VI'',     ''78'' ,       106977,        53,         68,    12,         0.24,     3.85),\n\t( ''Washington'',            ''WA'',     ''53'' ,      7614893,        20,      66582,    12,         5.7,   506.7  ),\n\t( ''West Virginia'',         ''WV'',     ''54'' ,      1792147,        41,      24087,     5,         2.4,    71.3  ),\n\t( ''Wisconsin'',             ''WI'',     ''55'' ,      5822434,        25,      54314,     7,         2.5,   299.8  ),\n\t( ''Wyoming'',               ''WY'',     ''56'' ,       578759,         9,      97105,    10,         0.3,    38.4  );\n\n\nCREATE TABLE name_list (\n\tname_list_id UUID NOT NULL DEFAULT uuid_generate_v4() primary key,\n\treal_name text check ( length(real_name) \u0026gt;= 1 ) not null,\n\tage int check ( age \u0026gt; 0 and age \u0026lt; 154 ) not  null,\t\n\tstate char varying (2) not null,\n\tpay numeric(10,2) \n);\n\nCREATE INDEX name_list_idx1 on name_list ( real_name );\nCREATE INDEX user_real_name_ci_idx1 ON name_list ((lower(real_name)));\n\nALTER TABLE name_list\n\tADD CONSTRAINT name_list_state_fk\n\tFOREIGN KEY (state)\n\tREFERENCES us_state (state)\n;\n\nINSERT INTO name_list ( real_name, age, state, pay ) values\n\t( ''Bob True'',            22, ''WY'', 31000 ),\n\t( ''Jane True'',           20, ''WY'', 28000 ),\n\t( ''Tom Ace'',             31, ''NJ'', 82500 ),\n\t( ''Steve Pen'',           33, ''NJ'', 89400 ),\n\t( ''Laura Jean Alkinoos'', 34, ''PA'', 120000 ),\n\t( ''Philip Schlump'',      62, ''WY'', 101200 ),\n\t( ''Liz Trubune'',         30, ''WY'', 48000 ),\n\t( ''Lary Smith'',          58, ''NJ'', 48000 ),\n\t( ''Dave Dave'',           21, ''NJ'', 48000 ),\n\t( ''Laura Ann Alkinoos'',  34, ''PA'', 48000 )\n;\n\n\n\u003c/code\u003e\u003c/pre\u003e\n\n\u003cp\u003eYou should have both states and territories with square miles.\u003c/p\u003e\n\n\u003cpre\u003e\u003ccode\u003eSELECT * from us_state;\n\u003c/code\u003e\u003c/pre\u003e\n\n\u003ch4\u003eTags: \u0026ldquo;reload data\u0026rdquo;,\u0026ldquo;drop cascade\u0026rdquo;\u003c/h4\u003e\n","Lesson_no":13}' where homework_id = '8f3d4ef2-ec18-4d7c-7580-1595223e09a4';


insert into ct_homework ( homework_id, homework_title, homework_no, video_url, video_img, lesson_body ) values ( '56008812-2e64-46d0-6a67-e8ad75451071', 'Interactive - 14 - data types', '14', 'hw14.mp4', 'hw14.svg', '{}' );
insert into ct_tag ( tag_id, tag_word ) values ( 'ba4f433a-eb6d-49de-574b-657f41fce71b', 'data types' );
insert into ct_tag_homework ( tag_id, homework_id ) values ( 'ba4f433a-eb6d-49de-574b-657f41fce71b', '56008812-2e64-46d0-6a67-e8ad75451071' );
update ct_homework set lesson_body = '{"Lesson":"\u003cstyle\u003e\n.pagebreak { page-break-before: always; }\n.half { height: 200px; }\n\u003c/style\u003e\n\n\u003ch1\u003eInteractive - 14 - data types\u003c/h1\u003e\n\n\u003cp\u003eThis is really the stuff from chapter 3 in the book.\u003c/p\u003e\n\n\u003cp\u003eWhen we create a table,  ( Already created in the last homework when you ran the file )\u003c/p\u003e\n\n\u003cpre\u003e\u003ccode\u003eCREATE TABLE us_state (\n\tstate_id UUID NOT NULL DEFAULT uuid_generate_v4() primary key,\n\tstate_name text NOT NULL,\n\tstate char varying (2) NOT NULL,\n\tFIPS_code char varying (2) NOT NULL,\n\tarea_rank int not null default 9999,\n\tarea_sq_mi numeric not null default 0\n);\n\n\u003c/code\u003e\u003c/pre\u003e\n\n\u003cp\u003ewe specify that the columns have a \u0026ldquo;type\u0026rdquo; and constraints on the data.\u003c/p\u003e\n\n\u003cp\u003eThe most common set of types are (ordered from my own code on how frequently I use each type):\u003c/p\u003e\n\n\u003ctable\u003e\n\u003cthead\u003e\n\u003ctr\u003e\n\u003cth\u003eType\u003c/th\u003e\n\u003cth\u003eDescription\u003c/th\u003e\n\u003c/tr\u003e\n\u003c/thead\u003e\n\n\u003ctbody\u003e\n\u003ctr\u003e\n\u003ctd\u003etext\u003c/td\u003e\n\u003ctd\u003ea string of 0 or more characters.\u003c/td\u003e\n\u003c/tr\u003e\n\n\u003ctr\u003e\n\u003ctd\u003evarchar(n)\u003c/td\u003e\n\u003ctd\u003ea string of 0 to \u003ccode\u003en\u003c/code\u003e characters.\u003c/td\u003e\n\u003c/tr\u003e\n\n\u003ctr\u003e\n\u003ctd\u003euuid\u003c/td\u003e\n\u003ctd\u003ea UUID.\u003c/td\u003e\n\u003c/tr\u003e\n\n\u003ctr\u003e\n\u003ctd\u003edate\u003c/td\u003e\n\u003ctd\u003ea date - not a time.\u003c/td\u003e\n\u003c/tr\u003e\n\n\u003ctr\u003e\n\u003ctd\u003etime\u003c/td\u003e\n\u003ctd\u003ea time value.\u003c/td\u003e\n\u003c/tr\u003e\n\n\u003ctr\u003e\n\u003ctd\u003ebigint, int8\u003c/td\u003e\n\u003ctd\u003e8 byte integer\u003c/td\u003e\n\u003c/tr\u003e\n\n\u003ctr\u003e\n\u003ctd\u003etimestamp\u003c/td\u003e\n\u003ctd\u003ea date and a time - usually with a time zone.\u003c/td\u003e\n\u003c/tr\u003e\n\n\u003ctr\u003e\n\u003ctd\u003enumeric\u003c/td\u003e\n\u003ctd\u003ea large number with (think 130k digits, before/after decimal point)\u003c/td\u003e\n\u003c/tr\u003e\n\n\u003ctr\u003e\n\u003ctd\u003edecimal\u003c/td\u003e\n\u003ctd\u003ea large number with (think 130k digits, before/after decimal point)\u003c/td\u003e\n\u003c/tr\u003e\n\n\u003ctr\u003e\n\u003ctd\u003efloat\u003c/td\u003e\n\u003ctd\u003e4 byte - a floating point number with an exponent\u003c/td\u003e\n\u003c/tr\u003e\n\n\u003ctr\u003e\n\u003ctd\u003ereal\u003c/td\u003e\n\u003ctd\u003e4 byte - a floating point number with an exponent\u003c/td\u003e\n\u003c/tr\u003e\n\n\u003ctr\u003e\n\u003ctd\u003ejson, jsonb\u003c/td\u003e\n\u003ctd\u003eJSON data\u003c/td\u003e\n\u003c/tr\u003e\n\n\u003ctr\u003e\n\u003ctd\u003edouble precision\u003c/td\u003e\n\u003ctd\u003e8 byte - a floating point number with an exponent\u003c/td\u003e\n\u003c/tr\u003e\n\n\u003ctr\u003e\n\u003ctd\u003ebit, varbit\u003c/td\u003e\n\u003ctd\u003evariable length bit string values\u003c/td\u003e\n\u003c/tr\u003e\n\n\u003ctr\u003e\n\u003ctd\u003eserial\u003c/td\u003e\n\u003ctd\u003ea 4 byte auto-generated integer that counts up\u003c/td\u003e\n\u003c/tr\u003e\n\n\u003ctr\u003e\n\u003ctd\u003einterval\u003c/td\u003e\n\u003ctd\u003ea time interval can be +/- 178million years\u003c/td\u003e\n\u003c/tr\u003e\n\n\u003ctr\u003e\n\u003ctd\u003ebytea\u003c/td\u003e\n\u003ctd\u003ebyte array - binary data\u003c/td\u003e\n\u003c/tr\u003e\n\n\u003ctr\u003e\n\u003ctd\u003eboolean\u003c/td\u003e\n\u003ctd\u003etrue/false\u003c/td\u003e\n\u003c/tr\u003e\n\n\u003ctr\u003e\n\u003ctd\u003epoint, line\u003c/td\u003e\n\u003ctd\u003egeometric data\u003c/td\u003e\n\u003c/tr\u003e\n\n\u003ctr\u003e\n\u003ctd\u003ebox, path\u003c/td\u003e\n\u003ctd\u003egeometric data\u003c/td\u003e\n\u003c/tr\u003e\n\n\u003ctr\u003e\n\u003ctd\u003epolygon, cirlce\u003c/td\u003e\n\u003ctd\u003egeometric data\u003c/td\u003e\n\u003c/tr\u003e\n\n\u003ctr\u003e\n\u003ctd\u003etvector, tsquery\u003c/td\u003e\n\u003ctd\u003efull text search type\u003c/td\u003e\n\u003c/tr\u003e\n\n\u003ctr\u003e\n\u003ctd\u003einet, cidr\u003c/td\u003e\n\u003ctd\u003einterget address tyeps, IPv4 122.4.3.22 or IPV6\u003c/td\u003e\n\u003c/tr\u003e\n\n\u003ctr\u003e\n\u003ctd\u003euser defined tyeps\u003c/td\u003e\n\u003ctd\u003eThe type system is extensible!\u003c/td\u003e\n\u003c/tr\u003e\n\u003c/tbody\u003e\n\u003c/table\u003e\n\n\u003cp\u003eAlso there is a Geographic Information Package for PostgreSQL that is very good.\nIt is built on top of the geometric data types and GIN indexes.\u003c/p\u003e\n\n\u003cp\u003eWe are not going to use all of these types.  Just a few of the most common ones like timestamp.\u003c/p\u003e\n\n\u003cp\u003eOften we want a column to show when a new row is inserted or updated in a table.\nLet\u0026rsquo;s add these to our name_list table.\u003c/p\u003e\n\n\u003cpre\u003e\u003ccode\u003ealter table name_list add updated timestamp ;\nalter table name_list add created timestamp \n\tdefault current_timestamp not null  ;\n\n\u003c/code\u003e\u003c/pre\u003e\n\n\u003cp\u003eTo make the \u0026lsquo;updated\u0026rsquo; column work we need have PostgreSQL run some\ncode when an update happens.  This kind of a thing is called a \u0026ldquo;trigger\u0026rdquo;.\u003c/p\u003e\n\n\u003cp\u003eLet\u0026rsquo;s add a trigger to the table.\u003cbr /\u003e\nRun the file \u003ccode\u003ehw14_2.sql\u003c/code\u003e.  The contents of the file is shown below.\u003c/p\u003e\n\n\u003cpre\u003e\u003ccode\u003e\nCREATE OR REPLACE function name_list_upd()\nRETURNS trigger AS \n$$\nBEGIN\n  NEW.updated := current_timestamp;\n  RETURN NEW;\nEND\n$$\nLANGUAGE ''plpgsql'';\n\n\nCREATE TRIGGER name_list_trig\nBEFORE update ON name_list\nFOR EACH ROW\nEXECUTE PROCEDURE name_list_upd();\n\n\n\u003c/code\u003e\u003c/pre\u003e\n\n\u003cp\u003eNow when we do an update on this table it will set the updated field\nto the current time.\u003c/p\u003e\n\n\u003ch4\u003eTags: \u0026ldquo;data types\u0026rdquo;\u003c/h4\u003e\n","Lesson_no":14}' where homework_id = '56008812-2e64-46d0-6a67-e8ad75451071';


insert into ct_homework ( homework_id, homework_title, homework_no, video_url, video_img, lesson_body ) values ( '31a40024-8e3e-41cc-445c-fea5123cd79b', 'Interactive - 15 - select with group data of data', '15', 'hw15.mp4', 'hw15.svg', '{}' );
insert into ct_tag_homework ( tag_id, homework_id ) values ( '12938bf0-4a39-47d0-44bd-4419ef90ca85', '31a40024-8e3e-41cc-445c-fea5123cd79b' );
insert into ct_tag ( tag_id, tag_word ) values ( 'd98e1a69-f961-409f-5c93-b2dee413a5d6', 'max' );
insert into ct_tag_homework ( tag_id, homework_id ) values ( 'd98e1a69-f961-409f-5c93-b2dee413a5d6', '31a40024-8e3e-41cc-445c-fea5123cd79b' );
insert into ct_tag ( tag_id, tag_word ) values ( 'f4280ae4-57ea-4635-7534-9fc8b4013d87', 'avg' );
insert into ct_tag_homework ( tag_id, homework_id ) values ( 'f4280ae4-57ea-4635-7534-9fc8b4013d87', '31a40024-8e3e-41cc-445c-fea5123cd79b' );
insert into ct_tag ( tag_id, tag_word ) values ( '236ffdb8-6677-47b8-7eed-6854f4cb790a', 'group by' );
insert into ct_tag_homework ( tag_id, homework_id ) values ( '236ffdb8-6677-47b8-7eed-6854f4cb790a', '31a40024-8e3e-41cc-445c-fea5123cd79b' );
insert into ct_tag ( tag_id, tag_word ) values ( 'a9961013-963c-4052-690f-cc7d078b6807', 'order by' );
insert into ct_tag_homework ( tag_id, homework_id ) values ( 'a9961013-963c-4052-690f-cc7d078b6807', '31a40024-8e3e-41cc-445c-fea5123cd79b' );
insert into ct_tag ( tag_id, tag_word ) values ( 'ab1d9d13-2404-406f-4943-f55ce7be4c7e', 'nested query' );
insert into ct_tag_homework ( tag_id, homework_id ) values ( 'ab1d9d13-2404-406f-4943-f55ce7be4c7e', '31a40024-8e3e-41cc-445c-fea5123cd79b' );
insert into ct_tag ( tag_id, tag_word ) values ( '63223fc4-dce2-4f3a-742b-9d81b06c5db8', 'sub query' );
insert into ct_tag_homework ( tag_id, homework_id ) values ( '63223fc4-dce2-4f3a-742b-9d81b06c5db8', '31a40024-8e3e-41cc-445c-fea5123cd79b' );
update ct_homework set lesson_body = '{"Lesson":"\u003cstyle\u003e\n.pagebreak { page-break-before: always; }\n.half { height: 200px; }\n\u003c/style\u003e\n\n\u003ch1\u003eInteractive - 15 - select with group data of data\u003c/h1\u003e\n\n\u003cp\u003eSQL has the ability to group data.  When we use the count() function\nwe are grouping by data.  You can only group by data that you\nselect - you can not group by hidden columns.   However you can\nuse a nested select to pick just some of the columns after you\nhave grouped.  The last part of this homework will show this.\nFirst we have to group the data.\u003c/p\u003e\n\n\u003cpre\u003e\u003ccode\u003eSELECT \n\t\tfed_area,\n\t\tmin(gdp_growth) as max_growth,\n\t\tavg(gdp_growth) as avg_growth,\n\t\tmax(gdp_growth) as min_growth,\n\t\tstring_agg(state, '','' ORDER BY state) as  state_list\n\tFROM us_state\n\tGROUP BY fed_area\n\tORDER BY fed_area\n;\n\n\u003c/code\u003e\u003c/pre\u003e\n\n\u003cp\u003eYou can group by more than one column.  All the non-grouped columns\nhave to be in some form aggregated.   In this example we have min, max, avg\nand string_agg.\u003c/p\u003e\n\n\u003cp\u003eTo group columns the database has to sort them.  So an order by is usually\nfree.  If you group by a column that there is a b-tree index on the group\nby is much faster.   The database will use the index instead of re-sorting\nthe data.  Other index types do not provide sorted data (gin, gist, hash etc).\u003c/p\u003e\n\n\u003cp\u003eLet\u0026rsquo;s say we just want the avg_growth and the list of states.  We\nhave to have fed_area to do the grouping - but we can nest\nour select.\u003c/p\u003e\n\n\u003cpre\u003e\u003ccode\u003eSELECT t1.avg_growth, t1.state_list\n\tFROM (\n\t\tSELECT \n\t\t\t\tt2.fed_area,\n\t\t\t\tavg(t2.gdp_growth) as avg_growth,\n\t\t\t\tstring_agg(t2.state, '','' ORDER BY state) as  state_list\n\t\t\tFROM us_state as t2\n\t\t\tGROUP BY t2.fed_area\n\t) as t1\n;\n\n\u003c/code\u003e\u003c/pre\u003e\n\n\u003ch2\u003eTake Away\u003c/h2\u003e\n\n\u003col\u003e\n\u003cli\u003egroup by\u003c/li\u003e\n\u003cli\u003eorder by\u003c/li\u003e\n\u003cli\u003emin/avg/max\u003c/li\u003e\n\u003cli\u003enested selects in FROM\u003c/li\u003e\n\u003cli\u003eAliasing tables int the \u0026ldquo;FROM\u0026rdquo; with \u0026ldquo;as\u0026rdquo;\u003c/li\u003e\n\u003c/ol\u003e\n\n\u003ch2\u003eBook\u003c/h2\u003e\n\n\u003cul\u003e\n\u003cli\u003egroup by - page 120 to 121\u003c/li\u003e\n\u003cli\u003emin, max - page 119\u003c/li\u003e\n\u003cli\u003eavg - 64, 195\u003c/li\u003e\n\u003cli\u003eorder by - page 15, 16\u003c/li\u003e\n\u003cli\u003ealias table name - page 86\u003c/li\u003e\n\u003cli\u003enested query in From - page 195 (avg used also)\u003c/li\u003e\n\u003c/ul\u003e\n\n\u003ch4\u003eTags: \u0026ldquo;min\u0026rdquo;,\u0026ldquo;max\u0026rdquo;,\u0026ldquo;avg\u0026rdquo;,\u0026ldquo;group by\u0026rdquo;,\u0026ldquo;order by\u0026rdquo;,\u0026ldquo;nested query\u0026rdquo;,\u0026ldquo;sub query\u0026rdquo;\u003c/h4\u003e\n","Lesson_no":15}' where homework_id = '31a40024-8e3e-41cc-445c-fea5123cd79b';


insert into ct_homework ( homework_id, homework_title, homework_no, video_url, video_img, lesson_body ) values ( '1862b6b1-2faf-4caf-545f-8d8821380f01', 'Interactive - 16 - count matching rows in a select', '16', 'hw16.mp4', 'hw16.svg', '{}' );
insert into ct_tag_homework ( tag_id, homework_id ) values ( '236ffdb8-6677-47b8-7eed-6854f4cb790a', '1862b6b1-2faf-4caf-545f-8d8821380f01' );
insert into ct_tag_homework ( tag_id, homework_id ) values ( 'f4280ae4-57ea-4635-7534-9fc8b4013d87', '1862b6b1-2faf-4caf-545f-8d8821380f01' );
insert into ct_tag_homework ( tag_id, homework_id ) values ( 'a9961013-963c-4052-690f-cc7d078b6807', '1862b6b1-2faf-4caf-545f-8d8821380f01' );
update ct_homework set lesson_body = '{"Lesson":"\u003cstyle\u003e\n.pagebreak { page-break-before: always; }\n.half { height: 200px; }\n\u003c/style\u003e\n\n\u003ch1\u003eInteractive - 16 - count matching rows in a select\u003c/h1\u003e\n\n\u003cp\u003eYou can count stuff that is grouped.   This turns out to be very useful.\u003c/p\u003e\n\n\u003cp\u003eSuppose that we want to know how many states are in a group and the\nsum of the population in the group.\u003c/p\u003e\n\n\u003cpre\u003e\u003ccode\u003eSELECT \n\t\tfed_area,\n\t\tround(avg(gdp_growth)::numeric,2)::text||''%'' as avg_growth,\n\t\tsum(population) as sum_population,\n\t\tcount(state) as no_of_states,\n\t\tstring_agg(state, '','' ORDER BY state) as  state_list\n\tFROM us_state\n\tGROUP BY fed_area\n\tORDER BY 2 desc\n;\n\n\u003c/code\u003e\u003c/pre\u003e\n\n\u003cp\u003eYou should get 12 rows order by decreasing average growth.\u003c/p\u003e\n\n\u003ch2\u003eTake Away\u003c/h2\u003e\n\n\u003col\u003e\n\u003cli\u003eYou can count the number of rows in the group with count.\u003c/li\u003e\n\u003cli\u003eYou can order by a column position this is the \u0026ldquo;2 desc\u0026rdquo;.\u003c/li\u003e\n\u003cli\u003eThe function round() takes a numeric argument - but the output of avg() is a double precision float.  A type cast is used.\u003c/li\u003e\n\u003cli\u003eYou can convert from the numeric result of round to text with a \u0026ldquo;::text\u0026rdquo; type cast - then add the \u0026lsquo;%\u0026rsquo; to show it is a percentage.\u003c/li\u003e\n\u003c/ol\u003e\n\n\u003ch2\u003eBook\u003c/h2\u003e\n\n\u003cul\u003e\n\u003cli\u003egroup by - page 120 to 121\u003c/li\u003e\n\u003cli\u003eavg - 64\u003c/li\u003e\n\u003cli\u003eorder by - page 15, 16\u003c/li\u003e\n\u003c/ul\u003e\n\n\u003ch4\u003eTags: \u0026ldquo;group by\u0026rdquo;,\u0026ldquo;avg\u0026rdquo;,\u0026ldquo;order by\u0026rdquo;\u003c/h4\u003e\n","Lesson_no":16}' where homework_id = '1862b6b1-2faf-4caf-545f-8d8821380f01';


insert into ct_homework ( homework_id, homework_title, homework_no, video_url, video_img, lesson_body ) values ( 'fdd7df15-5441-44ce-5b31-c13efad5b516', 'Interactive - 17 - select with join ( inner join, left outer join )', '17', 'hw17.mp4', 'hw17.svg', '{}' );
insert into ct_tag ( tag_id, tag_word ) values ( '23040722-9729-473c-77a8-92fff664c246', 'inner join' );
insert into ct_tag_homework ( tag_id, homework_id ) values ( '23040722-9729-473c-77a8-92fff664c246', 'fdd7df15-5441-44ce-5b31-c13efad5b516' );
insert into ct_tag ( tag_id, tag_word ) values ( 'dec344ce-1a15-4761-6840-497dc7431afb', 'outer join' );
insert into ct_tag_homework ( tag_id, homework_id ) values ( 'dec344ce-1a15-4761-6840-497dc7431afb', 'fdd7df15-5441-44ce-5b31-c13efad5b516' );
insert into ct_tag ( tag_id, tag_word ) values ( '60bd4670-0479-4f46-714c-74f04f0f93b9', 'left outer join' );
insert into ct_tag_homework ( tag_id, homework_id ) values ( '60bd4670-0479-4f46-714c-74f04f0f93b9', 'fdd7df15-5441-44ce-5b31-c13efad5b516' );
update ct_homework set lesson_body = '{"Lesson":"\u003cstyle\u003e\n.pagebreak { page-break-before: always; }\n.half { height: 200px; }\n\u003c/style\u003e\n\n\u003ch1\u003eInteractive - 17 - select with join ( inner join, left outer join )\u003c/h1\u003e\n\n\u003cp\u003eSQL starts to get fun, and become a programming task as soon\nas we have more than one table.\u003c/p\u003e\n\n\u003cp\u003eWe have already seen a join between name_list and us_state based\non state code.  Let\u0026rsquo;s get specific on how joins work and how\nto use them.\u003c/p\u003e\n\n\u003cp\u003eThe most common join is the \u0026ldquo;inner\u0026rdquo; join.   This is when two\ntables have a common field and we match that field.\u003c/p\u003e\n\n\u003cp\u003eThe SQL system takes the first table and creates a loop that\nwill iterate across the 2nd table and where the field matches\nit connects (joins) the data together.\u003c/p\u003e\n\n\u003cp\u003eThis is all based on sets of data.\u003c/p\u003e\n\n\u003cp\u003eSuppose that we have 2 tables, employees and departments.\u003c/p\u003e\n\n\u003ch4\u003eEmployee Table\u003c/h4\u003e\n\n\u003ctable\u003e\n\u003cthead\u003e\n\u003ctr\u003e\n\u003cth\u003eName\u003c/th\u003e\n\u003cth\u003eDept Code\u003c/th\u003e\n\u003cth\u003ePay\u003c/th\u003e\n\u003c/tr\u003e\n\u003c/thead\u003e\n\n\u003ctbody\u003e\n\u003ctr\u003e\n\u003ctd\u003eBob\u003c/td\u003e\n\u003ctd\u003e1\u003c/td\u003e\n\u003ctd\u003e$36,000.00\u003c/td\u003e\n\u003c/tr\u003e\n\n\u003ctr\u003e\n\u003ctd\u003eJane\u003c/td\u003e\n\u003ctd\u003e1\u003c/td\u003e\n\u003ctd\u003e$140,000.00\u003c/td\u003e\n\u003c/tr\u003e\n\n\u003ctr\u003e\n\u003ctd\u003eSally\u003c/td\u003e\n\u003ctd\u003e2\u003c/td\u003e\n\u003ctd\u003e$121,000.00\u003c/td\u003e\n\u003c/tr\u003e\n\n\u003ctr\u003e\n\u003ctd\u003eLiz\u003c/td\u003e\n\u003ctd\u003e2\u003c/td\u003e\n\u003ctd\u003e$101,000.00\u003c/td\u003e\n\u003c/tr\u003e\n\n\u003ctr\u003e\n\u003ctd\u003eDave\u003c/td\u003e\n\u003ctd\u003e1\u003c/td\u003e\n\u003ctd\u003e$51,000,00\u003c/td\u003e\n\u003c/tr\u003e\n\n\u003ctr\u003e\n\u003ctd\u003eCEO Kelly\u003c/td\u003e\n\u003ctd\u003e3\u003c/td\u003e\n\u003ctd\u003e$1.00\u003c/td\u003e\n\u003c/tr\u003e\n\n\u003ctr\u003e\n\u003ctd\u003eUncle Bob\u003c/td\u003e\n\u003ctd\u003eNULL\u003c/td\u003e\n\u003ctd\u003e$96,000.00\u003c/td\u003e\n\u003c/tr\u003e\n\n\u003ctr\u003e\n\u003ctd\u003eBrother Charley\u003c/td\u003e\n\u003ctd\u003eNULL\u003c/td\u003e\n\u003ctd\u003e$48,000.00\u003c/td\u003e\n\u003c/tr\u003e\n\u003c/tbody\u003e\n\u003c/table\u003e\n\n\u003ch4\u003eDepartment\u003c/h4\u003e\n\n\u003ctable\u003e\n\u003cthead\u003e\n\u003ctr\u003e\n\u003cth\u003eDepartment\u003c/th\u003e\n\u003cth\u003eDept Code\u003c/th\u003e\n\u003c/tr\u003e\n\u003c/thead\u003e\n\n\u003ctbody\u003e\n\u003ctr\u003e\n\u003ctd\u003eSales\u003c/td\u003e\n\u003ctd\u003e1\u003c/td\u003e\n\u003c/tr\u003e\n\n\u003ctr\u003e\n\u003ctd\u003eDevelopment\u003c/td\u003e\n\u003ctd\u003e2\u003c/td\u003e\n\u003c/tr\u003e\n\n\u003ctr\u003e\n\u003ctd\u003eExecutive\u003c/td\u003e\n\u003ctd\u003e3\u003c/td\u003e\n\u003c/tr\u003e\n\n\u003ctr\u003e\n\u003ctd\u003eMaintenance\u003c/td\u003e\n\u003ctd\u003e4\u003c/td\u003e\n\u003c/tr\u003e\n\u003c/tbody\u003e\n\u003c/table\u003e\n\n\u003cp\u003eBoth tables have \u003ccode\u003eDept_Code\u003c/code\u003e and by matching them\nup we can find that Sally and Liz and the\nDevelopment Department.\u003c/p\u003e\n\n\u003cp\u003eFile: hw17_1.sql\u003c/p\u003e\n\n\u003cpre\u003e\u003ccode\u003e\nDROP TABLE if exists employee;\nDROP TABLE if exists department;\n\nCREATE TABLE employee (\n\temployee_id serial not null primary key,\n\tname text not null,\n\tdepartment_id  int,\n\tpay numeric(12,2) not null default 0\n);\n\nCREATE TABLE department (\n\tdepartment_id  serial not null primary key,\n\tdept_name text not null\n);\n\nINSERT INTO department ( department_id, dept_name ) values\n\t( 1, ''Sales'' ),\n\t( 2, ''Development'' ),\n\t( 3, ''Execuatie'' ),\n\t( 4, ''Maintenance'' )\n;\n\nINSERT INTO employee (  name, department_id, pay ) values\t\n\t( ''Bob'', 1, 36000 ),\n\t( ''Jane'', 1, 140000 ),\n\t( ''Sally'', 2, 121000 ),\n\t( ''Liz'', 2, 101000 ),\n\t( ''Dave'', 1, 51000 ),\n\t( ''CEO Kelly'', 3, 1 ),\n\t( ''Uncle Bob'', NULL, 96000 ),\n\t( ''Brother Charley'', NULL, 48000 )\n;\n\n\n\n\u003c/code\u003e\u003c/pre\u003e\n\n\u003cp\u003eWe have created the table department with a set of used IDs, 1..4.  We need\nto update the number generator for the \u003ccode\u003eserial\u003c/code\u003e data to reflect this.\nIf we don\u0026rsquo;t it will start with 1 and we have already used 1.  We will not\nbe able to insert data into it.\u003c/p\u003e\n\n\u003cp\u003eThe command to do this is:\u003c/p\u003e\n\n\u003cpre\u003e\u003ccode\u003eALTER SEQUENCE department_department_id_seq RESTART WITH 5;\n\n\u003c/code\u003e\u003c/pre\u003e\n\n\u003cp\u003eHowever you will want to be able to generate this kind of an alter.\nThe name for the sequence is,  the table name, concatenated with\nan underscore, then the column name, then \u003ccode\u003e_seq\u003c/code\u003e.\u003c/p\u003e\n\n\u003ch2\u003eInner Join\u003c/h2\u003e\n\n\u003cp\u003eThis is the set that both tables have in common.\u003c/p\u003e\n\n\u003cp\u003e\u003cimg src=\"PostgreSQL-Inner-Join.png\" alt=\"PostgreSQL Inner Join\" /\u003e\u003c/p\u003e\n\n\u003cpre\u003e\u003ccode\u003eselect t1.name as \u0026quot;Employee Name\u0026quot;, t2.dept_name as \u0026quot;Department Name\u0026quot;, t1.pay \u0026quot;Year pay\u0026quot;\nfrom employee as t1\n\tjoin department as t2 on ( t1.department_id = t2.department_id )\n;\n\n\u003c/code\u003e\u003c/pre\u003e\n\n\u003cp\u003eYou should get back 6 rows.  Note that \u0026ldquo;Uncle Bob\u0026rdquo; fails to show up.\nThis is an inner join - where the common field is not null.\u003c/p\u003e\n\n\u003cp\u003eNote the double quotes \u003ccode\u003e\u0026quot;\u003c/code\u003e around the column names to allow for upper-lower\ncase aliases on column names.\u003c/p\u003e\n\n\u003cp\u003eWe can get the database to fill in NULLs for all the values for\n\u003ccode\u003eUncle Bob\u003c/code\u003e.  This is a left outer join.  This is the 2nd most common\njoin.\u003c/p\u003e\n\n\u003ch2\u003eLeft Outer Join\u003c/h2\u003e\n\n\u003cp\u003eThis is all the rows in the FROM table joined to the right table\nor NULLs where they don\u0026rsquo;t join.\u003c/p\u003e\n\n\u003cp\u003e\u003cimg src=\"PostgreSQL-Left-Outer-Join.png\" alt=\"Left Outer Join\" /\u003e\u003c/p\u003e\n\n\u003cpre\u003e\u003ccode\u003eselect t1.name as \u0026quot;Employee Name\u0026quot;, t2.dept_name as \u0026quot;Department Name\u0026quot;, t1.pay \u0026quot;Year Pay\u0026quot;\nfrom employee as t1\n\tleft outer join department as t2 on ( t1.department_id = t2.department_id )\n;\n\n\u003c/code\u003e\u003c/pre\u003e\n\n\u003cp\u003eNow you should get back 8 rows including \u0026ldquo;Uncle Bob\u0026rdquo;.\u003c/p\u003e\n\n\u003cp\u003eNow we can answer the question how many people are not in departments and\nhow much do they get payed.\u003c/p\u003e\n\n\u003cpre\u003e\u003ccode\u003eselect t1.name as \u0026quot;Employee Name\u0026quot;, t2.dept_name as \u0026quot;Department Name\u0026quot;, t1.pay \u0026quot;Year Pay\u0026quot;\nfrom employee as t1\n\tleft outer join department as t2 on ( t1.department_id = t2.department_id )\nwhere t1.department_id is null\n;\n\n\u003c/code\u003e\u003c/pre\u003e\n\n\u003cp\u003eor how much pay is spent on employees not in departments.\u003c/p\u003e\n\n\u003cpre\u003e\u003ccode\u003eselect sum(t0.pay) as \u0026quot;Total Pay\u0026quot;\nfrom (\n\tselect t1.name, t2.dept_name, t1.pay \n\tfrom employee as t1\n\t\tleft outer join department as t2 on ( t1.department_id = t2.department_id )\n\twhere t1.department_id is null\n) t0\n;\n\n\u003c/code\u003e\u003c/pre\u003e\n\n\u003cp\u003eInteresting \u0026hellip;. That is $144,000.00 payed out to employees that aren\u0026rsquo;t in\ndepartments.\u003c/p\u003e\n\n\u003cp\u003eThere are \u0026ldquo;right\u0026rdquo; joins but usually I just swap the order of the tables and use the left joins.\u003c/p\u003e\n\n\u003ch4\u003eTags: \u0026ldquo;inner join\u0026rdquo;,\u0026ldquo;outer join\u0026rdquo;,\u0026ldquo;left outer join\u0026rdquo;\u003c/h4\u003e\n","Lesson_no":17}' where homework_id = 'fdd7df15-5441-44ce-5b31-c13efad5b516';


insert into ct_homework ( homework_id, homework_title, homework_no, video_url, video_img, lesson_body ) values ( 'e1f3dd6d-be40-4689-77c5-a8fca6733ef8', 'Interactive - 18 - More joins (full joins)', '18', 'hw18.mp4', 'hw18.svg', '{}' );
insert into ct_tag ( tag_id, tag_word ) values ( '9be36d02-bfb4-43ad-4dac-6a7f58854fcf', 'full join' );
insert into ct_tag_homework ( tag_id, homework_id ) values ( '9be36d02-bfb4-43ad-4dac-6a7f58854fcf', 'e1f3dd6d-be40-4689-77c5-a8fca6733ef8' );
insert into ct_tag ( tag_id, tag_word ) values ( '4f83ebb7-7b26-42c6-6aee-1fe87916df57', 'full outer join' );
insert into ct_tag_homework ( tag_id, homework_id ) values ( '4f83ebb7-7b26-42c6-6aee-1fe87916df57', 'e1f3dd6d-be40-4689-77c5-a8fca6733ef8' );
update ct_homework set lesson_body = '{"Lesson":"\u003cstyle\u003e\n.pagebreak { page-break-before: always; }\n.half { height: 200px; }\n\u003c/style\u003e\n\n\u003ch1\u003eInteractive - 18 - More joins (full joins)\u003c/h1\u003e\n\n\u003cp\u003eWe will use the same data (hw17_1.sql)\u003c/p\u003e\n\n\u003ch4\u003eEmployee Table\u003c/h4\u003e\n\n\u003ctable\u003e\n\u003cthead\u003e\n\u003ctr\u003e\n\u003cth\u003eName\u003c/th\u003e\n\u003cth\u003eDept Code\u003c/th\u003e\n\u003cth\u003ePay\u003c/th\u003e\n\u003c/tr\u003e\n\u003c/thead\u003e\n\n\u003ctbody\u003e\n\u003ctr\u003e\n\u003ctd\u003eBob\u003c/td\u003e\n\u003ctd\u003e1\u003c/td\u003e\n\u003ctd\u003e$36,000.00\u003c/td\u003e\n\u003c/tr\u003e\n\n\u003ctr\u003e\n\u003ctd\u003eJane\u003c/td\u003e\n\u003ctd\u003e1\u003c/td\u003e\n\u003ctd\u003e$140,000.00\u003c/td\u003e\n\u003c/tr\u003e\n\n\u003ctr\u003e\n\u003ctd\u003eSally\u003c/td\u003e\n\u003ctd\u003e2\u003c/td\u003e\n\u003ctd\u003e$121,000.00\u003c/td\u003e\n\u003c/tr\u003e\n\n\u003ctr\u003e\n\u003ctd\u003eLiz\u003c/td\u003e\n\u003ctd\u003e2\u003c/td\u003e\n\u003ctd\u003e$101,000.00\u003c/td\u003e\n\u003c/tr\u003e\n\n\u003ctr\u003e\n\u003ctd\u003eDave\u003c/td\u003e\n\u003ctd\u003e1\u003c/td\u003e\n\u003ctd\u003e$51,000,00\u003c/td\u003e\n\u003c/tr\u003e\n\n\u003ctr\u003e\n\u003ctd\u003eCEO Kelly\u003c/td\u003e\n\u003ctd\u003e3\u003c/td\u003e\n\u003ctd\u003e$1.00\u003c/td\u003e\n\u003c/tr\u003e\n\n\u003ctr\u003e\n\u003ctd\u003eUncle Bob\u003c/td\u003e\n\u003ctd\u003eNULL\u003c/td\u003e\n\u003ctd\u003e$96,000.00\u003c/td\u003e\n\u003c/tr\u003e\n\n\u003ctr\u003e\n\u003ctd\u003eBrother Charley\u003c/td\u003e\n\u003ctd\u003eNULL\u003c/td\u003e\n\u003ctd\u003e$48,000.00\u003c/td\u003e\n\u003c/tr\u003e\n\u003c/tbody\u003e\n\u003c/table\u003e\n\n\u003ch4\u003eDepartment\u003c/h4\u003e\n\n\u003ctable\u003e\n\u003cthead\u003e\n\u003ctr\u003e\n\u003cth\u003eDepartment\u003c/th\u003e\n\u003cth\u003eDept Code\u003c/th\u003e\n\u003c/tr\u003e\n\u003c/thead\u003e\n\n\u003ctbody\u003e\n\u003ctr\u003e\n\u003ctd\u003eSales\u003c/td\u003e\n\u003ctd\u003e1\u003c/td\u003e\n\u003c/tr\u003e\n\n\u003ctr\u003e\n\u003ctd\u003eDevelopment\u003c/td\u003e\n\u003ctd\u003e2\u003c/td\u003e\n\u003c/tr\u003e\n\n\u003ctr\u003e\n\u003ctd\u003eExecutive\u003c/td\u003e\n\u003ctd\u003e3\u003c/td\u003e\n\u003c/tr\u003e\n\n\u003ctr\u003e\n\u003ctd\u003eMaintenance\u003c/td\u003e\n\u003ctd\u003e4\u003c/td\u003e\n\u003c/tr\u003e\n\u003c/tbody\u003e\n\u003c/table\u003e\n\n\u003ch2\u003eFull Join\u003c/h2\u003e\n\n\u003cp\u003eThis is more of a concatenation of rows of data.\u003c/p\u003e\n\n\u003cp\u003e\u003cimg src=\"PostgreSQL-Full-Outer-Join.png\" alt=\"Full Outer Join\" /\u003e\u003c/p\u003e\n\n\u003cpre\u003e\u003ccode\u003eSELECT t1.name as \u0026quot;Employee Name\u0026quot;, t2.dept_name as \u0026quot;Department Name\u0026quot;, t1.pay \u0026quot;Year pay\u0026quot;\nFROM employee as t1\n\tFULL JOIN  department as t2 on ( t1.department_id = t2.department_id )\n;\n\n\u003c/code\u003e\u003c/pre\u003e\n\n\u003cp\u003eYou shoudl get back 9 rows - note where the NULL values are.\u003c/p\u003e\n\n\u003ch2\u003eFull Outer Join - Unique to Both tables Rows\u003c/h2\u003e\n\n\u003cp\u003eYou can also use the join to find the rows that are unique in each table.\u003c/p\u003e\n\n\u003cp\u003e\u003cimg src=\"PostgreSQL-Full-Outer-Unique-Join.png\" alt=\"PostgreSQL Inner Join\" /\u003e\u003c/p\u003e\n\n\u003cpre\u003e\u003ccode\u003eSELECT t1.name as \u0026quot;Employee Name\u0026quot;, t2.dept_name as \u0026quot;Department Name\u0026quot;, t1.pay \u0026quot;Year pay\u0026quot;\nFROM employee as t1\n\tFULL JOIN department as t2 on ( t1.department_id = t2.department_id )\nWHERE t1.name is null \n   OR t2.dept_name is null\n;\n\n\u003c/code\u003e\u003c/pre\u003e\n\n\u003cp\u003eYou should get back 3 rows.\u003c/p\u003e\n\n\u003ch4\u003eTags: \u0026ldquo;full join\u0026rdquo;,\u0026ldquo;full outer join\u0026rdquo;\u003c/h4\u003e\n","Lesson_no":18}' where homework_id = 'e1f3dd6d-be40-4689-77c5-a8fca6733ef8';


insert into ct_homework ( homework_id, homework_title, homework_no, video_url, video_img, lesson_body ) values ( '24c31087-a9a4-431a-4914-b71b889176fe', 'Interactive - 19 - select using sub-query and exists', '19', 'hw19.mp4', 'hw19.svg', '{}' );
insert into ct_tag ( tag_id, tag_word ) values ( '3500c895-ebce-4a19-5523-c144222e85bf', 'select exists' );
insert into ct_tag_homework ( tag_id, homework_id ) values ( '3500c895-ebce-4a19-5523-c144222e85bf', '24c31087-a9a4-431a-4914-b71b889176fe' );
insert into ct_tag ( tag_id, tag_word ) values ( 'a0b1ba27-ef34-417c-5b04-9185cc5a18f9', 'sub-query' );
insert into ct_tag_homework ( tag_id, homework_id ) values ( 'a0b1ba27-ef34-417c-5b04-9185cc5a18f9', '24c31087-a9a4-431a-4914-b71b889176fe' );
update ct_homework set lesson_body = '{"Lesson":"\u003cstyle\u003e\n.pagebreak { page-break-before: always; }\n.half { height: 200px; }\n\u003c/style\u003e\n\n\u003ch1\u003eInteractive - 19 - select using sub-query and exists\u003c/h1\u003e\n\n\u003cp\u003eLet\u0026rsquo;s use some of our joins to delete some data.\u003c/p\u003e\n\n\u003cp\u003eLet\u0026rsquo;s get rid of the people that are not in a department.\u003c/p\u003e\n\n\u003cpre\u003e\u003ccode\u003eSELECT t0.name as \u0026quot;Employee Name\u0026quot;, t0.dept_name as \u0026quot;Department Name\u0026quot;, t0.pay \u0026quot;Year Pay\u0026quot;\nFROM  (\n\t\tSELECT t1.name, t2.dept_name, t1.pay, t1.employee_id\n\t\tFROM employee as t1\n\t\t\tLEFT OUTER join department as t2 on ( t1.department_id = t2.department_id )\n\t\tWHERE t1.department_id is null\n\t\tORDER BY 1, 3 desc, 4\n\t) as t0\n;\n\n\u003c/code\u003e\u003c/pre\u003e\n\n\u003cp\u003eYou should get back 2 rows.\u003c/p\u003e\n\n\u003cp\u003eThese rows should be the offending rows with the department-less employees.\u003c/p\u003e\n\n\u003ch4\u003eTags: \u0026ldquo;select exists\u0026rdquo;,\u0026ldquo;sub-query\u0026rdquo;\u003c/h4\u003e\n","Lesson_no":19}' where homework_id = '24c31087-a9a4-431a-4914-b71b889176fe';


insert into ct_homework ( homework_id, homework_title, homework_no, video_url, video_img, lesson_body ) values ( 'e78eb9a1-89cd-4bf6-4318-a23657fa6975', 'Interactive - 20 - delete with in based sub-query', '20', 'hw20.mp4', 'hw20.svg', '{}' );
insert into ct_tag ( tag_id, tag_word ) values ( '4feb5c2f-d306-4ae3-4e74-125491ce1793', 'delete exists' );
insert into ct_tag_homework ( tag_id, homework_id ) values ( '4feb5c2f-d306-4ae3-4e74-125491ce1793', 'e78eb9a1-89cd-4bf6-4318-a23657fa6975' );
insert into ct_tag_homework ( tag_id, homework_id ) values ( 'a0b1ba27-ef34-417c-5b04-9185cc5a18f9', 'e78eb9a1-89cd-4bf6-4318-a23657fa6975' );
update ct_homework set lesson_body = '{"Lesson":"\u003cstyle\u003e\n.pagebreak { page-break-before: always; }\n.half { height: 200px; }\n\u003c/style\u003e\n\n\u003ch1\u003eInteractive - 20 - delete with in based sub-query\u003c/h1\u003e\n\n\u003cp\u003eLet\u0026rsquo;s use some of our joins to delete some data.\u003c/p\u003e\n\n\u003cp\u003eWe will recreate the data from homework 17 again.  The file is hw17_1.sql\u003c/p\u003e\n\n\u003cpre\u003e\u003ccode\u003e\nDROP TABLE if exists employee;\nDROP TABLE if exists department;\n\nCREATE TABLE employee (\n\temployee_id serial not null primary key,\n\tname text not null,\n\tdepartment_id  int,\n\tpay numeric(12,2) not null default 0\n);\n\nCREATE TABLE department (\n\tdepartment_id  serial not null primary key,\n\tdept_name text not null\n);\n\nINSERT INTO department ( department_id, dept_name ) values\n\t( 1, ''Sales'' ),\n\t( 2, ''Development'' ),\n\t( 3, ''Execuatie'' ),\n\t( 4, ''Maintenance'' )\n;\n\nINSERT INTO employee (  name, department_id, pay ) values\t\n\t( ''Bob'', 1, 36000 ),\n\t( ''Jane'', 1, 140000 ),\n\t( ''Sally'', 2, 121000 ),\n\t( ''Liz'', 2, 101000 ),\n\t( ''Dave'', 1, 51000 ),\n\t( ''CEO Kelly'', 3, 1 ),\n\t( ''Uncle Bob'', NULL, 96000 ),\n\t( ''Brother Charley'', NULL, 48000 )\n;\n\n\n\n\u003c/code\u003e\u003c/pre\u003e\n\n\u003cp\u003eLet\u0026rsquo;s get rid of the people that are not in a department.\u003c/p\u003e\n\n\u003cpre\u003e\u003ccode\u003eDELETE FROM employee as t0\n\tWHERE t0.employee_id in (\n\t\tSELECT t1.employee_id\n\t\tFROM employee as t1\n\t\t\tLEFT OUTER join department as t2 on ( t1.department_id = t2.department_id )\n\t\tWHERE t1.department_id is null\n\t)\n;\n\n\u003c/code\u003e\u003c/pre\u003e\n\n\u003cp\u003eIt should delete 2 rows.\u003c/p\u003e\n\n\u003cp\u003eThere are performance reasons to use either exists or in.  Exists combines the queries and is better when the tables are similar in size.\nIn is usually better when the left table is much smaller than the parent table.  In results in the inside query running to completion\nbefore the outside query.\u003c/p\u003e\n\n\u003ch4\u003eTags: \u0026ldquo;delete exists\u0026rdquo;,\u0026ldquo;sub-query\u0026rdquo;\u003c/h4\u003e\n","Lesson_no":20}' where homework_id = 'e78eb9a1-89cd-4bf6-4318-a23657fa6975';


insert into ct_homework ( homework_id, homework_title, homework_no, video_url, video_img, lesson_body ) values ( '6db2e597-0581-4b12-6005-3fbfa1cc3135', 'Interactive - 21 - select with union / minus', '21', 'hw21.mp4', 'hw21.svg', '{}' );
insert into ct_tag ( tag_id, tag_word ) values ( 'dda63e8f-a914-4353-474d-da9d537edcae', 'union' );
insert into ct_tag_homework ( tag_id, homework_id ) values ( 'dda63e8f-a914-4353-474d-da9d537edcae', '6db2e597-0581-4b12-6005-3fbfa1cc3135' );
update ct_homework set lesson_body = '{"Lesson":"\u003cstyle\u003e\n.pagebreak { page-break-before: always; }\n.half { height: 200px; }\n\u003c/style\u003e\n\n\u003ch1\u003eInteractive - 21 - select with union / minus\u003c/h1\u003e\n\n\u003cp\u003eYou can concatenate results with a \u0026ldquo;UNION\u0026rdquo; between two selects.  This can be kind of like a full join\nbut instead of getting back nulls you can fill in values that you like.\u003c/p\u003e\n\n\u003cpre\u003e\u003ccode\u003e\tSELECT t1.name as \u0026quot;Employee Name\u0026quot;, ''No Departmnt'' \u0026quot;Department Name\u0026quot;, t1.pay \u0026quot;Year Pay\u0026quot;\n\tFROM employee as t1\n\tWHERE t1.department_id is null\nUNION\n\tSELECT ''No Name'' as \u0026quot;Employee Name\u0026quot;, t2.dept_name as \u0026quot;Department Name\u0026quot;, 0.0 \u0026quot;Year Pay\u0026quot;\n\tFROM department as t2 \nORDER BY 1\n;\n\n\u003c/code\u003e\u003c/pre\u003e\n\n\u003cp\u003eYou should get back 4 rows.\u003c/p\u003e\n\n\u003ch4\u003eTags: \u0026ldquo;union\u0026rdquo;\u003c/h4\u003e\n","Lesson_no":21}' where homework_id = '6db2e597-0581-4b12-6005-3fbfa1cc3135';


insert into ct_homework ( homework_id, homework_title, homework_no, video_url, video_img, lesson_body ) values ( '28417674-ac8a-46ed-5368-205d1f6d1302', 'Interactive - 22 - recursive select - populating existing tables', '22', 'hw22.mp4', 'hw22.svg', '{}' );
insert into ct_tag ( tag_id, tag_word ) values ( 'ff968344-3e82-4581-77e3-36dae99ef892', 'recursive select' );
insert into ct_tag_homework ( tag_id, homework_id ) values ( 'ff968344-3e82-4581-77e3-36dae99ef892', '28417674-ac8a-46ed-5368-205d1f6d1302' );
insert into ct_tag ( tag_id, tag_word ) values ( '1dd87b02-5eaf-40d6-68c3-fd60298d86f7', 'recursive' );
insert into ct_tag_homework ( tag_id, homework_id ) values ( '1dd87b02-5eaf-40d6-68c3-fd60298d86f7', '28417674-ac8a-46ed-5368-205d1f6d1302' );
update ct_homework set lesson_body = '{"Lesson":"\u003cstyle\u003e\n.pagebreak { page-break-before: always; }\n.half { height: 200px; }\n\u003c/style\u003e\n\n\u003ch1\u003eInteractive - 22 - recursive select - populating existing tables\u003c/h1\u003e\n\n\u003cp\u003eIt is also possible to store and query recursive data.   You need a table\nwith and \u0026ldquo;id\u0026rdquo; and a \u0026ldquo;parent_id\u0026rdquo; that referees back to the same table.\u003c/p\u003e\n\n\u003cpre\u003e\u003ccode\u003eCREATE TABLE tree_example (\n\tid  \t\t\tint not null primary key,\n\tmanager_id  \tint,\n\tname \t\t\ttext\n);\n\nINSERT INTO tree_example ( id, name, manager_id ) values\n\t(1, ''Michael North'', NULL),\n\t(2, ''Megan Berry'', 1),\n\t(3, ''Sarah Berry'', 1),\n\t(4, ''Zoe Black'', 1),\n\t(5, ''Tim James'', 1),\n\t(6, ''Bella Tucker'', 2),\n\t(7, ''Ryan Metcalfe'', 2),\n\t(8, ''Max Mills'', 2),\n\t(9, ''Benjamin Glover'', 2),\n\t(10, ''Carolyn Henderson'', 3),\n\t(11, ''Nicola Kelly'', 3),\n\t(12, ''Alexandra Climo'', 3),\n\t(13, ''Dominic King'', 3),\n\t(14, ''Leonard Gray'', 4),\n\t(15, ''Eric Rampling'', 4),\n\t(16, ''Piers Paige'', 7),\n\t(17, ''Ryan Henderson'', 7),\n\t(18, ''Frank Tucker'', 8),\n\t(19, ''Nathan Ferguson'', 8),\n\t(20, ''Kevin Rampling'', 8)\n;\n\n\n\u003c/code\u003e\u003c/pre\u003e\n\n\u003cp\u003eNow we can to a recursive query.   In PostgreSQL they are composed of a base query\nunironed with all the children.\u003c/p\u003e\n\n\u003cpre\u003e\u003ccode\u003eWITH RECURSIVE subordinates AS (\n\t\tSELECT\n\t\t\tid,\n\t\t\tmanager_id,\n\t\t\tname\n\t\tFROM tree_example\n\t\tWHERE id = 2\n\tUNION\n\t\tSELECT\n\t\t\te.id,\n\t\t\te.manager_id,\n\t\t\te.name\n\t\tFROM tree_example e\n\t\tINNER JOIN subordinates s ON s.id = e.manager_id\n) SELECT * FROM subordinates\n;\n\n\u003c/code\u003e\u003c/pre\u003e\n\n\u003ch4\u003eTags: \u0026ldquo;recursive select\u0026rdquo;,recursive\u003c/h4\u003e\n","Lesson_no":22}' where homework_id = '28417674-ac8a-46ed-5368-205d1f6d1302';


insert into ct_homework ( homework_id, homework_title, homework_no, video_url, video_img, lesson_body ) values ( '007c1b41-8958-4086-61a1-6587df19f6fb', 'Interactive - 23 - with - pre-selects to do stuff.', '23', 'hw23.mp4', 'hw23.svg', '{}' );
insert into ct_tag ( tag_id, tag_word ) values ( 'b9f9bfb4-4586-4023-5ad6-6f8bab362fc3', 'with' );
insert into ct_tag_homework ( tag_id, homework_id ) values ( 'b9f9bfb4-4586-4023-5ad6-6f8bab362fc3', '007c1b41-8958-4086-61a1-6587df19f6fb' );
insert into ct_tag ( tag_id, tag_word ) values ( '1e7b975e-f33a-4bc6-6838-2fab34f916d2', 'with select' );
insert into ct_tag_homework ( tag_id, homework_id ) values ( '1e7b975e-f33a-4bc6-6838-2fab34f916d2', '007c1b41-8958-4086-61a1-6587df19f6fb' );
update ct_homework set lesson_body = '{"Lesson":"\u003cstyle\u003e\n.pagebreak { page-break-before: always; }\n.half { height: 200px; }\n\u003c/style\u003e\n\n\u003ch1\u003eInteractive - 23 - with - pre-selects to do stuff.\u003c/h1\u003e\n\n\u003cp\u003eYou can run queries before your main query and give the results names.\nThese are run in order and that can have substantial advantages.\u003c/p\u003e\n\n\u003cp\u003eThe general syntax is\u003c/p\u003e\n\n\u003cpre\u003e\u003ccode\u003ewith\n\ttemp_name as ( select ... )\n\nselect stufff.\n\n\tfrom  temp_name\n\n;\n\u003c/code\u003e\u003c/pre\u003e\n\n\u003cpre\u003e\u003ccode\u003eWITH\n\tmystery_employess as ( select sum(pay) total_pay  from name_list where state = ''WY'' ),\n\tnormal_employees as ( select sum(pay) total_pay from name_list where state in ( ''NJ'', ''NY'' ) )\nSELECT round( ( tWY.total_pay / ( tWY.total_pay + tEast.total_pay ) ) * 100.0, 2)  as relative_pay\nFROM \n\tmystery_employess  as tWY\n\t, normal_employees  as tEast\n;\n\n\u003c/code\u003e\u003c/pre\u003e\n\n\u003cp\u003eYou should get back a single row of data that tells you that in Wyoming you get 43% as much pay\nas a job in NY or NJ (Note that the data in this example is not totally accurate.  Also you have\na much lower cost of living in Wyoming than you do in NY NY.)\u003c/p\u003e\n\n\u003ch4\u003eTags: \u0026ldquo;with\u0026rdquo;,\u0026ldquo;with select\u0026rdquo;\u003c/h4\u003e\n","Lesson_no":23}' where homework_id = '007c1b41-8958-4086-61a1-6587df19f6fb';


insert into ct_homework ( homework_id, homework_title, homework_no, video_url, video_img, lesson_body ) values ( '6a0a58bb-9963-465c-7eaf-e8052184e98f', 'Interactive - 24 - truncate table', '24', 'hw24.mp4', 'hw24.svg', '{}' );
insert into ct_tag ( tag_id, tag_word ) values ( '5d69a44d-5874-4fe1-6293-813f20fa3fc6', 'truncate' );
insert into ct_tag_homework ( tag_id, homework_id ) values ( '5d69a44d-5874-4fe1-6293-813f20fa3fc6', '6a0a58bb-9963-465c-7eaf-e8052184e98f' );
insert into ct_tag ( tag_id, tag_word ) values ( '7c5614e8-fb70-481c-4c2e-b460188b6cb9', 'fast delete' );
insert into ct_tag_homework ( tag_id, homework_id ) values ( '7c5614e8-fb70-481c-4c2e-b460188b6cb9', '6a0a58bb-9963-465c-7eaf-e8052184e98f' );
insert into ct_tag ( tag_id, tag_word ) values ( '77100198-e7d6-4b62-6700-8c2de169b200', 'delete all rows' );
insert into ct_tag_homework ( tag_id, homework_id ) values ( '77100198-e7d6-4b62-6700-8c2de169b200', '6a0a58bb-9963-465c-7eaf-e8052184e98f' );
update ct_homework set lesson_body = '{"Lesson":"\u003cstyle\u003e\n.pagebreak { page-break-before: always; }\n.half { height: 200px; }\n\u003c/style\u003e\n\n\u003ch1\u003eInteractive - 24 - truncate table\u003c/h1\u003e\n\n\u003cp\u003ePostgreSQL (and most other SQL databases, Oracle, DB/2, DB/2 Universal etc)\nprovide the ability to discard ALL the data in a table.     This is implemented\nas a re-write of the table header info and putting all the data in the table\non the re-claim block list.  So it is linear time(fast).\u003c/p\u003e\n\n\u003cp\u003eAlso it is a part of the Data Definition Language (not Data Manipulation)\nso it often can not be used in a transaction.  It can not be rolled back\nif the transaction fails.\u003c/p\u003e\n\n\u003cp\u003eAlso when you use truncate stuff like triggers for delete will not fire.\u003c/p\u003e\n\n\u003cpre\u003e\u003ccode\u003eTRUNCATE TABLE name_list;\nSELECT count(1) from name_list;\n\n\u003c/code\u003e\u003c/pre\u003e\n\n\u003cp\u003eYou should get back 0 rows.\u003c/p\u003e\n\n\u003ch4\u003eTags: \u0026ldquo;truncate\u0026rdquo;,\u0026ldquo;fast delete\u0026rdquo;,\u0026ldquo;delete all rows\u0026rdquo;\u003c/h4\u003e\n","Lesson_no":24}' where homework_id = '6a0a58bb-9963-465c-7eaf-e8052184e98f';


insert into ct_homework ( homework_id, homework_title, homework_no, video_url, video_img, lesson_body ) values ( '2f0105c0-6e98-48fd-5e23-ca7c92847497', 'Interactive - 25 - drop cascade', '25', 'hw25.mp4', 'hw25.svg', '{}' );
insert into ct_tag ( tag_id, tag_word ) values ( '17f275d5-7c52-4f2f-628e-3f9e97c52277', 'drop' );
insert into ct_tag_homework ( tag_id, homework_id ) values ( '17f275d5-7c52-4f2f-628e-3f9e97c52277', '2f0105c0-6e98-48fd-5e23-ca7c92847497' );
insert into ct_tag_homework ( tag_id, homework_id ) values ( '3c682336-ccf6-4aa5-7bdc-dfd5e01ed506', '2f0105c0-6e98-48fd-5e23-ca7c92847497' );
update ct_homework set lesson_body = '{"Lesson":"\u003cstyle\u003e\n.pagebreak { page-break-before: always; }\n.half { height: 200px; }\n\u003c/style\u003e\n\n\u003ch1\u003eInteractive - 25 - drop cascade\u003c/h1\u003e\n\n\u003cp\u003eYou can drop a table or other database object.  This destroys it.\nPostgreSQL provides the ability to do the \u0026ldquo;drop\u0026rdquo; but only if\nthe object exists.\u003c/p\u003e\n\n\u003cpre\u003e\u003ccode\u003edrop table name_list;\n\u003c/code\u003e\u003c/pre\u003e\n\n\u003cp\u003eWill error if the object is not there.\u003c/p\u003e\n\n\u003cpre\u003e\u003ccode\u003e\ndrop table if exists name_list cascade;\n\n\u003c/code\u003e\u003c/pre\u003e\n\n\u003cp\u003eDrop can also detach a table from the set of constraints that it\nmay have.  This is the \u0026ldquo;cascade\u0026rdquo; option to remove foreign\nkey constraints.  Do note that in Oracle this will drop\nadditional tables - not just constraints.  Take care with\n\u0026ldquo;cascade\u0026rdquo;.\u003c/p\u003e\n\n\u003cpre\u003e\u003ccode\u003edrop table if exists us_state cascade;\n\n\u003c/code\u003e\u003c/pre\u003e\n\n\u003cp\u003eLet\u0026rsquo;s re-create our tables at this point so we have fresh\ndata for future homework problems.\u003c/p\u003e\n\n\u003cp\u003eRun the file to re-create : hw13_4.sql\u003c/p\u003e\n\n\u003cp\u003edrop table if exists us_state cascade;\u003c/p\u003e\n\n\u003ch4\u003eTags: \u0026ldquo;drop\u0026rdquo;,\u0026ldquo;drop cascade\u0026rdquo;\u003c/h4\u003e\n","Lesson_no":25}' where homework_id = '2f0105c0-6e98-48fd-5e23-ca7c92847497';


insert into ct_homework ( homework_id, homework_title, homework_no, video_url, video_img, lesson_body ) values ( '01616152-5a7c-4c51-60e8-8fcff72f9a0f', 'Interactive - 26 - 1 to 1 relationship  				(pk to pk)', '26', 'hw26.mp4', 'hw26.svg', '{}' );
insert into ct_tag ( tag_id, tag_word ) values ( '4385fbf2-e0c8-4247-71d4-99fa76ea9a80', 'setup' );
insert into ct_tag_homework ( tag_id, homework_id ) values ( '4385fbf2-e0c8-4247-71d4-99fa76ea9a80', '01616152-5a7c-4c51-60e8-8fcff72f9a0f' );
insert into ct_tag ( tag_id, tag_word ) values ( '727f73b1-25ac-451e-5f65-80882c8d488b', 'ct_homework' );
insert into ct_tag_homework ( tag_id, homework_id ) values ( '727f73b1-25ac-451e-5f65-80882c8d488b', '01616152-5a7c-4c51-60e8-8fcff72f9a0f' );
insert into ct_tag ( tag_id, tag_word ) values ( 'a319d1e7-a022-49c8-62cf-7d9970e6fb17', 'ct_homework_ans' );
insert into ct_tag_homework ( tag_id, homework_id ) values ( 'a319d1e7-a022-49c8-62cf-7d9970e6fb17', '01616152-5a7c-4c51-60e8-8fcff72f9a0f' );
insert into ct_tag ( tag_id, tag_word ) values ( 'a33c83ef-dcae-4588-5bce-8593600215d9', 'ct_tag' );
insert into ct_tag_homework ( tag_id, homework_id ) values ( 'a33c83ef-dcae-4588-5bce-8593600215d9', '01616152-5a7c-4c51-60e8-8fcff72f9a0f' );
insert into ct_tag ( tag_id, tag_word ) values ( '3e4f49f5-bfba-4bcf-76bc-1185176b42a3', 'ct_tag_homework' );
insert into ct_tag_homework ( tag_id, homework_id ) values ( '3e4f49f5-bfba-4bcf-76bc-1185176b42a3', '01616152-5a7c-4c51-60e8-8fcff72f9a0f' );
insert into ct_tag ( tag_id, tag_word ) values ( '7cf83e53-7e18-43fb-4efb-551c9b074150', 't_ymux_user' );
insert into ct_tag_homework ( tag_id, homework_id ) values ( '7cf83e53-7e18-43fb-4efb-551c9b074150', '01616152-5a7c-4c51-60e8-8fcff72f9a0f' );
insert into ct_tag ( tag_id, tag_word ) values ( 'b23f796d-f55c-4153-54d0-60a0e162777a', 't_ymux_user_log' );
insert into ct_tag_homework ( tag_id, homework_id ) values ( 'b23f796d-f55c-4153-54d0-60a0e162777a', '01616152-5a7c-4c51-60e8-8fcff72f9a0f' );
insert into ct_tag ( tag_id, tag_word ) values ( 'de0ad984-f290-4922-4d0d-1e9bcd8c28c9', 't_ymux_auth_token' );
insert into ct_tag_homework ( tag_id, homework_id ) values ( 'de0ad984-f290-4922-4d0d-1e9bcd8c28c9', '01616152-5a7c-4c51-60e8-8fcff72f9a0f' );
insert into ct_val_homework ( val_id, homework_no, val_type, val_data  ) values ( '2499bc5b-d43a-449e-7998-0a24dd993b4f', 26, 'SQL-Select', 'select setup_data_26()' );
insert into ct_file_list ( file_list_id, homework_no, file_name ) values ( '0cec1ba3-3b61-48b8-5d46-7c49e7cba4b8', 26, 'hw26_01.sql' );
insert into ct_file_list ( file_list_id, homework_no, file_name ) values ( '3006f54a-b144-4f3e-4837-e89c2d320a22', 26, 'hw26_02.sql' );
insert into ct_file_list ( file_list_id, homework_no, file_name ) values ( 'd6fbb816-a265-42cb-6308-b10df3c443e8', 26, 'hw26_03.sql' );
insert into ct_file_list ( file_list_id, homework_no, file_name ) values ( '472f806b-71b5-4207-508d-054bb10e90ed', 26, 'hw26_04.sql' );
insert into ct_file_list ( file_list_id, homework_no, file_name ) values ( 'ab4c0ca5-727c-41ed-4799-db28b8eb6926', 26, 'hw26_05.sql' );
insert into ct_file_list ( file_list_id, homework_no, file_name ) values ( 'acb33353-ca61-4eb7-5cc3-04d3d4384324', 26, 'hw26_06.sql' );
insert into ct_file_list ( file_list_id, homework_no, file_name ) values ( '96157a05-16a3-400e-40cc-86f16bc07844', 26, 'hw26_07.sql' );
insert into ct_file_list ( file_list_id, homework_no, file_name ) values ( '19eee54f-5c90-42a0-683d-ed9fef5d0c47', 26, 'hw26_08.sql' );
insert into ct_file_list ( file_list_id, homework_no, file_name ) values ( 'fe10795b-d623-49f0-5f88-576d8ea8b559', 26, 'hw26_09.sql' );
insert into ct_file_list ( file_list_id, homework_no, file_name ) values ( '2eb81564-ac25-4784-5298-3dbe251d87c7', 26, 'hw26_10.sql' );
insert into ct_file_list ( file_list_id, homework_no, file_name ) values ( 'c8218ce9-439d-463d-63de-32ff83bd05fc', 26, 'hw26_11.sql' );
insert into ct_file_list ( file_list_id, homework_no, file_name ) values ( 'c5502281-8e35-4bdc-6d60-ccc9f475ca6f', 26, 'hw26_14.sql' );
update ct_homework set lesson_body = '{"Lesson":"\u003cstyle\u003e\n.pagebreak { page-break-before: always; }\n.half { height: 200px; }\n\u003c/style\u003e\n\n\u003ch1\u003eInteractive - 26 - 1 to 1 relationship                (pk to pk)\u003c/h1\u003e\n\n\u003cp\u003eThe application uses a small set of user authorization tables from a wrapper application.\nWe have to create the tables and the tables that match with in the application.\u003c/p\u003e\n\n\u003cp\u003eOur 1 to 1 relationship is between \u003ccode\u003e\u0026quot;t_ymux_user\u0026quot;\u003c/code\u003e and our application table\n\u003ccode\u003ect_login\u003c/code\u003e.    ct_login privies extra application specific columns that every user has\nto have.\u003c/p\u003e\n\n\u003cp\u003eWe are just going to create all 6 tables - then explore the relationships.\u003c/p\u003e\n\n\u003ch2\u003e3 Tables From The Security Application\u003c/h2\u003e\n\n\u003cp\u003eThe Tables are \u0026ldquo;t_ymux_user\u0026rdquo; , \u0026ldquo;ct_homework_ans\u0026rdquo;  and  \u0026ldquo;t_ymux_user_log\u0026rdquo; .\u003c/p\u003e\n\n\u003cp\u003eRun the file hw26_01.sql\u003c/p\u003e\n\n\u003cpre\u003e\u003ccode\u003eDROP TABLE if exists \u0026quot;t_ymux_user\u0026quot; cascade ;\n\nCREATE TABLE \u0026quot;t_ymux_user\u0026quot; (\n\t  \u0026quot;id\u0026quot;\t\t\t\t\tuuid DEFAULT uuid_generate_v4() not null primary key\n\t, \u0026quot;username\u0026quot; \t\t\ttext\n\t, \u0026quot;password\u0026quot; \t\t\ttext\n\t, \u0026quot;realm\u0026quot; \t\t\t\ttext\n\t, \u0026quot;real_name\u0026quot; \t\t\ttext\n\t, \u0026quot;salt\u0026quot; \t\t\t\ttext\n\t, \u0026quot;email\u0026quot; \t\t\t\ttext\n\t, \u0026quot;email_confirmed\u0026quot; \tchar varying (1) default ''n'' not null\n\t, \u0026quot;setup_2fa_complete\u0026quot; \tchar varying (1) default ''n'' not null\n\t, \u0026quot;rfc_6238_secret\u0026quot;\t\ttext \n\t, \u0026quot;recovery_token\u0026quot; \t\ttext\n\t, \u0026quot;recovery_expire\u0026quot; \ttimestamp\n\t, \u0026quot;parent_user_id\u0026quot;\t\tuuid\n\t, \u0026quot;org_user_id\u0026quot;\t\t\tuuid\n\t, \u0026quot;auth_token\u0026quot;\t\t\ttext \n\t, \u0026quot;acct_expire\u0026quot; \t\ttimestamp\n\t, \u0026quot;updated\u0026quot; \t\t\ttimestamp\n\t, \u0026quot;created\u0026quot; \t\t\ttimestamp default current_timestamp not null\n);\n\n\ncreate unique index \u0026quot;t_ymux_user_u1\u0026quot; on \u0026quot;t_ymux_user\u0026quot; ( \u0026quot;username\u0026quot; );\ncreate index \u0026quot;t_ymux_user_p1\u0026quot; on \u0026quot;t_ymux_user\u0026quot; ( \u0026quot;email\u0026quot; );\ncreate unique index \u0026quot;t_ymux_user_u3\u0026quot; on \u0026quot;t_ymux_user\u0026quot; ( \u0026quot;recovery_token\u0026quot; );\ncreate index \u0026quot;t_ymux_user_p2\u0026quot; on \u0026quot;t_ymux_user\u0026quot; ( \u0026quot;created\u0026quot;, \u0026quot;setup_2fa_complete\u0026quot; );\ncreate index \u0026quot;t_ymux_user_p3\u0026quot; on \u0026quot;t_ymux_user\u0026quot; ( \u0026quot;created\u0026quot;, \u0026quot;email_confirmed\u0026quot; );\n\n\n\n\nCREATE OR REPLACE function t_ymux_user_upd()\nRETURNS trigger AS $$\nBEGIN\n\tNEW.updated := current_timestamp;\n\tRETURN NEW;\nEND\n$$ LANGUAGE ''plpgsql'';\n\n\nCREATE TRIGGER t_ymux_user_trig\nBEFORE update ON \u0026quot;t_ymux_user\u0026quot;\nFOR EACH ROW\nEXECUTE PROCEDURE t_ymux_user_upd();\n\n\u003c/code\u003e\u003c/pre\u003e\n\n\u003cp\u003eRun the file hw26_02.sql\u003c/p\u003e\n\n\u003cpre\u003e\u003ccode\u003e\n-- -------------------------------------------------------- -- --------------------------------------------------------\n-- Note the \u0026quot;auth_token\u0026quot; is the \u0026quot;ID\u0026quot; for this row. (Primnary Key)\n-- -------------------------------------------------------- -- --------------------------------------------------------\n\ndrop TABLE if exists \u0026quot;t_ymux_auth_token\u0026quot; ;\nCREATE TABLE \u0026quot;t_ymux_auth_token\u0026quot; (\n\t  \u0026quot;id\u0026quot;\t\t\t\t\tuuid DEFAULT uuid_generate_v4() not null primary key\n\t, \u0026quot;user_id\u0026quot;\t\t\t\tuuid not null\n\t, \u0026quot;updated\u0026quot; \t\t\ttimestamp\n\t, \u0026quot;created\u0026quot; \t\t\ttimestamp default current_timestamp not null\n);\n\ncreate index \u0026quot;t_ymux_auth_token_p1\u0026quot; on \u0026quot;t_ymux_auth_token\u0026quot; ( \u0026quot;user_id\u0026quot; );\ncreate index \u0026quot;t_ymux_auth_token_p2\u0026quot; on \u0026quot;t_ymux_auth_token\u0026quot; ( \u0026quot;created\u0026quot; );\n\n\nALTER TABLE \u0026quot;t_ymux_auth_token\u0026quot;\n\tADD CONSTRAINT \u0026quot;t_ymux_auth_token_user_id_fk1\u0026quot;\n\tFOREIGN KEY (\u0026quot;user_id\u0026quot;)\n\tREFERENCES \u0026quot;t_ymux_user\u0026quot; (\u0026quot;id\u0026quot;)\n;\n\nCREATE OR REPLACE function t_ymux_auth_token_upd()\nRETURNS trigger AS $$\nBEGIN\n\tNEW.updated := current_timestamp;\n\tRETURN NEW;\nEND\n$$ LANGUAGE ''plpgsql'';\n\n\nCREATE TRIGGER t_ymux_auth_token_trig\nBEFORE update ON \u0026quot;t_ymux_auth_token\u0026quot;\nFOR EACH ROW\nEXECUTE PROCEDURE t_ymux_auth_token_upd();\n\n\u003c/code\u003e\u003c/pre\u003e\n\n\u003cp\u003eRun the file hw26_03.sql\u003c/p\u003e\n\n\u003cpre\u003e\u003ccode\u003eCREATE SEQUENCE t_log_seq\n  INCREMENT 1\n  MINVALUE 1\n  MAXVALUE 9223372036854775807\n  START 1\n  CACHE 1;\n\nDROP TABLE if exists \u0026quot;t_ymux_user_log\u0026quot; ;\n\nCREATE TABLE \u0026quot;t_ymux_user_log\u0026quot; (\n\t  \u0026quot;id\u0026quot;\t\t\t\t\tuuid DEFAULT uuid_generate_v4() not null primary key\n\t, \u0026quot;user_id\u0026quot;\t\t\t\tuuid \t\n\t, \u0026quot;seq\u0026quot;\t \t\t\t\tbigint DEFAULT nextval(''t_log_seq''::regclass) NOT NULL \n\t, \u0026quot;activity_name\u0026quot;\t\ttext\n\t, \u0026quot;updated\u0026quot; \t\t\ttimestamp\n\t, \u0026quot;created\u0026quot; \t\t\ttimestamp default current_timestamp not null\n);\n\ncreate index \u0026quot;t_ymux_user_log_p1\u0026quot; on \u0026quot;t_ymux_user_log\u0026quot; ( \u0026quot;user_id\u0026quot;, \u0026quot;seq\u0026quot; );\ncreate index \u0026quot;t_ymux_user_log_p2\u0026quot; on \u0026quot;t_ymux_user_log\u0026quot; ( \u0026quot;user_id\u0026quot;, \u0026quot;created\u0026quot; );\n\nALTER TABLE \u0026quot;t_ymux_user_log\u0026quot;\n\tADD CONSTRAINT \u0026quot;t_ymux_user_log_user_id_fk1\u0026quot;\n\tFOREIGN KEY (\u0026quot;user_id\u0026quot;)\n\tREFERENCES \u0026quot;t_ymux_user\u0026quot; (\u0026quot;id\u0026quot;)\n;\n\nCREATE OR REPLACE function t_ymux_user_log_upd()\nRETURNS trigger AS $$\nBEGIN\n\tNEW.updated := current_timestamp;\n\tRETURN NEW;\nEND\n$$ LANGUAGE ''plpgsql'';\n\n\nCREATE TRIGGER t_ymux_user_log_trig\nBEFORE update ON \u0026quot;t_ymux_user_log\u0026quot;\nFOR EACH ROW\nEXECUTE PROCEDURE t_ymux_user_log_upd();\n\n\u003c/code\u003e\u003c/pre\u003e\n\n\u003ch2\u003eApplications Tables\u003c/h2\u003e\n\n\u003cp\u003e\u0026ldquo;t_ymux_user\u0026rdquo; joins to ct_login on a 1 to 1 basis.  Each time a user is inserted\ntinto ct_login a set of rows is populated for all the homework that exits into\nct_homework_ans.\u003c/p\u003e\n\n\u003ch2\u003ect_login\u003c/h2\u003e\n\n\u003cp\u003eRun the file hw26_04.sql\u003c/p\u003e\n\n\u003cpre\u003e\u003ccode\u003eDROP TABLE if exists ct_login ;\nCREATE TABLE ct_login (\n\t  user_id\t\t\t\t\tuuid not null primary key -- 1 to 1 to \u0026quot;t_ymux_user\u0026quot;.\u0026quot;id\u0026quot;\n\t, pg_acct\t\t\t\t\tchar varying (20) not null\n\t, class_no\t\t\t\t\ttext default ''4010-BC'' not null\t-- 4280 or 4010-BC - one of 2 classes\n\t, lang_to_use\t\t\t\ttext default ''Go'' not null\t\t-- Go or PostgreSQL\n\t, misc\t\t\t\t\t\tJSONb default ''{}'' not null\t\t-- Whatever I forgot\n);\n\ncreate unique index ct_login_u1 on ct_login ( pg_acct );\ncreate index ct_login_p1 on ct_login using gin ( misc );\n\nALTER TABLE ct_login\n\tADD CONSTRAINT ct_login_user_id_fk\n\tFOREIGN KEY (user_id)\n\tREFERENCES \u0026quot;t_ymux_user\u0026quot; (\u0026quot;id\u0026quot;)\n;\n\n\u003c/code\u003e\u003c/pre\u003e\n\n\u003ch2\u003ect_homeowrk\u003c/h2\u003e\n\n\u003cp\u003eRun the file hw26_05.sql\u003c/p\u003e\n\n\u003cpre\u003e\u003ccode\u003eDROP TABLE if exists ct_homework cascade;\n\nCREATE TABLE ct_homework (\n\t  homework_id\t\t\t\tuuid DEFAULT uuid_generate_v4() not null primary key\n\t, homework_title\t\t\ttext not null\n\t, lesson_no\t\t\t\t\ttext not null\n\t, points_avail\t\t\t\tint not null default 10\n\t, video_url\t\t\t\t\ttext not null\n\t, video_img\t\t\t\t\ttext not null\n\t, lesson_body \t\t\t\tJSONb not null \t-- body, html, text etc.\n);\n\nCREATE INDEX ct_homework_p1 on ct_homework ( homework_no );\n\n\u003c/code\u003e\u003c/pre\u003e\n\n\u003ch2\u003ect_homeowrk_ans\u003c/h2\u003e\n\n\u003cp\u003eRun the file hw26_06.sql\u003c/p\u003e\n\n\u003cpre\u003e\u003ccode\u003eDROP TABLE if exists ct_homework_ans ;\nCREATE TABLE ct_homework_ans (\n\t  homework_ans_id\t\t\tuuid DEFAULT uuid_generate_v4() not null primary key\n\t, homework_id\t\t\t\tuuid not null\n\t, user_id\t\t\t\t\tuuid not null\n\t, points\t\t\t\t\tint not null default 0\n\t, completed\t\t\t\t\tchar(1) default ''n'' not null\n\t, updated\t\t \t\t\ttimestamp\n\t, created \t\t\t\t\ttimestamp default current_timestamp not null\n);\n\n\ncreate unique index ct_homework_ans_u1 on ct_homework_ans ( homework_id, user_id );\ncreate unique index ct_homework_ans_u2 on ct_homework_ans ( user_id, homework_id );\n\n\n-- homework_id is fk to ct_homework\nALTER TABLE ct_homework_ans\n\tADD CONSTRAINT homework_id_fk\n\tFOREIGN KEY (homework_id)\n\tREFERENCES ct_homework (homework_id)\n;\n\n-- user_id is fk to ct_login\nALTER TABLE ct_homework_ans\n\tADD CONSTRAINT user_id_fk\n\tFOREIGN KEY (user_id)\n\tREFERENCES ct_login (user_id)\n;\n\n\nCREATE OR REPLACE function ct_homework_ans_upd()\nRETURNS trigger AS $$\nBEGIN\n\tNEW.updated := current_timestamp;\n\tRETURN NEW;\nEND\n$$ LANGUAGE ''plpgsql'';\n\n\nCREATE TRIGGER ct_homework_ans_trig\nBEFORE update ON ct_homework_ans\nFOR EACH ROW\nEXECUTE PROCEDURE ct_homework_ans_upd();\n\n\n\u003c/code\u003e\u003c/pre\u003e\n\n\u003ch2\u003eTriggers that depend on multiple tables\u003c/h2\u003e\n\n\u003cp\u003eRun the file hw26_07.sql\u003c/p\u003e\n\n\u003cpre\u003e\u003ccode\u003eCREATE OR REPLACE function ct_homework_ins()\nRETURNS trigger AS $$\nBEGIN\n\tinsert into ct_homework_ans (\n\t\tuser_id,\n\t\thomework_id\n\t) select \n\t\tt1.user_id,\n\t\tNEW.homework_id\n\tfrom ct_login as t1\n\twhere not exists (\n\t\t\tselect 1 as \u0026quot;found\u0026quot;\n\t\t\tfrom ct_homework_ans t2\n\t\t\twhere t2.user_id = t1.user_id\t\t\t\n\t\t\t  and t2.homework_id = NEW.homework_id\n\t\t)\n\t;\n\tRETURN NEW;\nEND\n$$ LANGUAGE ''plpgsql'';\n\n\nDROP TRIGGER if exists ct_homework_trig_ins_upd on ct_homework;\n\nCREATE TRIGGER ct_homework_trig_ins_upd\nafter insert or update ON ct_homework\nFOR EACH ROW\nEXECUTE PROCEDURE ct_homework_ins();\n\n\n\n\n\n\nCREATE OR REPLACE function ct_homework_del()\nRETURNS trigger AS $$\nBEGIN\n\tupdate ct_homework_ans t3\n\t\tset completed = ''x''\n\t\twhere t3.homework_id = NEW.homework_id\n\t\t  and t3.completed = ''n''\n\t;\n\tRETURN OLD;\nEND\n$$ LANGUAGE ''plpgsql'';\n\n\nDROP TRIGGER if exists ct_homework_trig_del on ct_homework;\n\nCREATE TRIGGER ct_homework_trig_del\nBEFORE delete ON ct_homework\nFOR EACH ROW\nEXECUTE PROCEDURE ct_homework_del();\n\n\n\n\n\n\n\n\nCREATE OR REPLACE function ct_login_ins()\nRETURNS trigger AS $$\nBEGIN\n\tinsert into ct_homework_ans (\n\t\tuser_id,\n\t\thomework_id\n\t) select \n\t\tNEW.user_id,\n\t\tt1.homework_id\n\tfrom ct_homework as t1\n\twhere not exists (\n\t\t\tselect 1 as \u0026quot;found\u0026quot;\n\t\t\tfrom ct_homework_ans t2\n\t\t\twhere t2.user_id = NEW.user_id\t\t\t\n\t\t\t  and t2.homework_id = t1.homework_id\n\t\t)\n\t;\n\tRETURN NEW;\nEND\n$$ LANGUAGE ''plpgsql'';\n\n\ndrop TRIGGER if exists ct_login_trig on ct_login;\n\nCREATE TRIGGER ct_login_trig\nafter insert ON ct_login\nFOR EACH ROW\nEXECUTE PROCEDURE ct_login_ins();\n\n\u003c/code\u003e\u003c/pre\u003e\n\n\u003ch2\u003eHomework tags\u003c/h2\u003e\n\n\u003cp\u003eRun the file hw26_09.sql and hw26_10.sql\u003c/p\u003e\n\n\u003cpre\u003e\u003ccode\u003e\nDROP TABLE IF EXISTS ct_tag ;\n\nCREATE TABLE ct_tag ( \n\ttag_id uuid DEFAULT uuid_generate_v4() not null primary key,\n\ttag_word text not null\n);\n\nCREATE UNIQUE INDEX ct_tag_p1 on ct_tag ( tag_word );\n\n\n\nDROP TABLE IF EXISTS ct_tag_homework ;\n\nCREATE TABLE ct_tag_homework ( \n\ttag_id \t\tuuid not null,\n\thomework_id uuid not null,\n\tprimary key ( homework_id, tag_id )\n);\n\nCREATE UNIQUE INDEX ct_tag_homework_u1 on ct_tag_homework ( tag_id, homework_id );\n\n\n\u003c/code\u003e\u003c/pre\u003e\n\n\u003ch2\u003eSetup default data\u003c/h2\u003e\n\n\u003cp\u003eRun the file hw26_11.sql to setup data for these tables.\u003c/p\u003e\n\n\u003cpre\u003e\u003ccode\u003e\nselect setup_data_26();\n\n\n\u003c/code\u003e\u003c/pre\u003e\n\n\u003ch4\u003eTags: \u0026ldquo;setup\u0026rdquo;,\u0026ldquo;ct_homework\u0026rdquo;,\u0026ldquo;ct_homework_ans\u0026rdquo;,\u0026ldquo;ct_tag\u0026rdquo;,\u0026ldquo;ct_tag_homework\u0026rdquo;,\u0026ldquo;t_ymux_user\u0026rdquo;,\u0026ldquo;t_ymux_user_log\u0026rdquo;,\u0026ldquo;t_ymux_auth_token\u0026rdquo;\u003c/h4\u003e\n","Lesson_no":26}' where homework_id = '01616152-5a7c-4c51-60e8-8fcff72f9a0f';


insert into ct_homework ( homework_id, homework_title, homework_no, video_url, video_img, lesson_body ) values ( 'b3765edd-9740-47c2-6d78-d0907be69f84', 'Interactive - 27 - 1 to 0 or 1 relationship 			(fk, unique)', '27', 'hw27.mp4', 'hw27.svg', '{}' );
insert into ct_tag ( tag_id, tag_word ) values ( '00385319-fa29-4ed1-7811-9a202e4c54f4', '1 to 0' );
insert into ct_tag_homework ( tag_id, homework_id ) values ( '00385319-fa29-4ed1-7811-9a202e4c54f4', 'b3765edd-9740-47c2-6d78-d0907be69f84' );
update ct_homework set lesson_body = '{"Lesson":"\u003cstyle\u003e\n.pagebreak { page-break-before: always; }\n.half { height: 200px; }\n\u003c/style\u003e\n\n\u003ch1\u003eInteractive - 27 - 1 to 0 or 1 relationship           (fk, unique)\u003c/h1\u003e\n\n\u003cp\u003eNow that we have our tables let\u0026rsquo;s look at the relationship between\n\u003ccode\u003e\u0026quot;t_ymx_user\u0026quot;\u003c/code\u003e and \u0026ldquo;ct_login\u0026rdquo;.   This is our 1 to 0 or 1 relationship.\u003c/p\u003e\n\n\u003cp\u003eIt is provided by the primary key on ct_login being required but not\nhaving a default value where a key is generated.   This is combined\nwith the foreign key constraint to \u003ccode\u003e\u0026quot;t_ymux_user\u0026quot;\u003c/code\u003e.\u003c/p\u003e\n\n\u003cp\u003eTry an insert to see if you can fake it out (the insert will fail).\u003c/p\u003e\n\n\u003cpre\u003e\u003ccode\u003einsert into ct_login ( user_id, pg_acct ) values ( uuid_generate_v4(), ''x'' );\n\n\u003c/code\u003e\u003c/pre\u003e\n\n\u003cp\u003eYou should get an error.   The error indicates that you violated a foreign key and will look similar to:\u003c/p\u003e\n\n\u003cpre\u003e\u003ccode\u003eERROR:  insert or update on table \u0026quot;ct_homework_ans\u0026quot; violates foreign key constraint \u0026quot;user_id_fk\u0026quot;\nDETAIL:  Key (user_id)=(ce1d8fdd-aa04-4bb4-9ef7-72655ff63b95) is not present in table \u0026quot;ct_login\u0026quot;.\nCONTEXT:  SQL statement \u0026quot;insert into ct_homework_ans (\n\t\tuser_id,\n\t\thomework_id\n\t) select\n\t\tNEW.user_id,\n\t\tt1.homework_id\n\tfrom ct_homework as t1\n\twhere not exists (\n\t\t\tselect 1 as \u0026quot;found\u0026quot;\n\t\t\tfrom ct_homework_ans t2\n\t\t\twhere t2.user_id = NEW.user_id\n\t\t\t  and t2.homework_id = t1.homework_id\n\t\t)\u0026quot;\nPL/pgSQL function ct_login_ins() line 3 at SQL statement\n\u003c/code\u003e\u003c/pre\u003e\n\n\u003ch4\u003eTags: \u0026ldquo;1 to 0\u0026rdquo;,\u0026ldquo;1:0\u0026rdquo;,\u0026ldquo;1:0 relationship\u0026rdquo;,\u0026ldquo;1:1\u0026rdquo;\u003c/h4\u003e\n","Lesson_no":27}' where homework_id = 'b3765edd-9740-47c2-6d78-d0907be69f84';


insert into ct_homework ( homework_id, homework_title, homework_no, video_url, video_img, lesson_body ) values ( '0dd91ddb-91ca-40d4-5113-767ffcb0f996', 'Interactive - 28 - 1 to n relationship				(fk)', '28', 'hw28.mp4', 'hw28.svg', '{}' );
update ct_homework set lesson_body = '{"Lesson":"\u003cstyle\u003e\n.pagebreak { page-break-before: always; }\n.half { height: 200px; }\n\u003c/style\u003e\n\n\u003ch1\u003eInteractive - 28 - 1 to n relationship                (fk)\u003c/h1\u003e\n\n\u003cp\u003eThe simple to understand relationship is a 1 to 0..n relationship.\nThis is where a parent key is a primary key and a foreign key\nis in a 2nd table.  We have this relationship between\n\u003ccode\u003e\u0026quot;t_ymux_user\u0026quot;.\u0026quot;id\u0026quot;\u003c/code\u003e and the \u003ccode\u003e\u0026quot;t_ymux_auth_token\u0026quot;\u003c/code\u003e.\u003c/p\u003e\n\n\u003cp\u003eThe table \u003ccode\u003e\u0026quot;t_ymux_auth_token\u0026quot;\u003c/code\u003e has \u0026ldquo;user_id\u0026rdquo; as a column in it.\nA foreign key relationship exists between the 2 tables.  This means\nthat you can have more than 1 auth token for each user.   Basically\na user can login from more than one computer at a time.\u003c/p\u003e\n\n\u003cpre\u003e\u003ccode\u003eselect setup_data_26();\n\nselect t1.email, t2.id as \u0026quot;auth_token\u0026quot;\nfrom \u0026quot;t_ymux_user\u0026quot; as t1\n\tjoin \u0026quot;t_ymux_auth_token\u0026quot; as t2 on ( t1.\u0026quot;id\u0026quot; = t2.\u0026quot;user_id\u0026quot; )\n;\n\n\u003c/code\u003e\u003c/pre\u003e\n\n\u003cp\u003eYou should get back 3 rows.\u003c/p\u003e\n\n\u003ch4\u003eTags: \u0026ldquo;1:n\u0026rdquo;,\u0026ldquo;1:n relationship\u0026rdquo;\u003c/h4\u003e\n","Lesson_no":28}' where homework_id = '0dd91ddb-91ca-40d4-5113-767ffcb0f996';


insert into ct_homework ( homework_id, homework_title, homework_no, video_url, video_img, lesson_body ) values ( 'f178042c-1f77-423f-7a71-b955b70c5aca', 'Interactive - 29 - m to n relationship				(fk to join table to fk)', '29', 'hw29.mp4', 'hw29.svg', '{}' );
insert into ct_tag ( tag_id, tag_word ) values ( 'b50e2c00-61c1-4b86-42f8-177c0a08ca00', 'm to n' );
insert into ct_tag_homework ( tag_id, homework_id ) values ( 'b50e2c00-61c1-4b86-42f8-177c0a08ca00', 'f178042c-1f77-423f-7a71-b955b70c5aca' );
update ct_homework set lesson_body = '{"Lesson":"\u003cstyle\u003e\n.pagebreak { page-break-before: always; }\n.half { height: 200px; }\n\u003c/style\u003e\n\n\u003ch1\u003eInteractive - 29 - m to n relationship                (fk to join table to fk)\u003c/h1\u003e\n\n\u003cp\u003eOur model has a m to n (m:n) relationship in it.  This is between ct_homeowrk\nand ct_tags.\u003c/p\u003e\n\n\u003cp\u003eThis relationship requires an intermediate table.  Each side has a relationship\nto the intermediate table.\u003c/p\u003e\n\n\u003cp\u003ect_tag associates a tag_word with a tag_id  (Shown below - the table was created\nin the script in homework 26 - you don\u0026rsquo;t need to run it.)\u003c/p\u003e\n\n\u003cpre\u003e\u003ccode\u003eCREATE TABLE ct_tag ( \n\ttag_id uuid DEFAULT uuid_generate_v4() not null primary key,\n\ttag_word text not null\n);\n\nCREATE UNIQUE INDEX ct_tag_p1 on ct_tag ( tag_word );\n\u003c/code\u003e\u003c/pre\u003e\n\n\u003cp\u003eTo get  a list of the words do a select from this table.\u003c/p\u003e\n\n\u003cpre\u003e\u003ccode\u003eselect tag_word from ct_tag order by tag_word;\n\n\u003c/code\u003e\u003c/pre\u003e\n\n\u003cp\u003eNote that tag_word has a unique index on it.  This prevents any duplicate tags.\u003c/p\u003e\n\n\u003cp\u003eThe join table has just IDs in it.   To make it efficient it has indexes that\ngo in both directions - this allows searching from ct_tags back to ct_homework\nand from ct_homework to ct_tags.    One of the unique indexes is the multi-field\nprimary key with homework_id, tag_id in it..   This is listed at the bottom\nof the create table.  The second one is a unique index.\u003c/p\u003e\n\n\u003cp\u003e(shown below - do not run, just for reference)\u003c/p\u003e\n\n\u003cpre\u003e\u003ccode\u003eCREATE TABLE ct_tag_homework ( \n\ttag_id \t\tuuid not null,\n\thomework_id uuid not null,\n\tprimary key ( homework_id, tag_id )\n);\n\nCREATE UNIQUE INDEX ct_tag_homework_u1 on ct_tag_homework ( tag_id, homework_id );\n\u003c/code\u003e\u003c/pre\u003e\n\n\u003cp\u003eThe ct_homework table (show for reference) is:\u003c/p\u003e\n\n\u003cpre\u003e\u003ccode\u003e\nCREATE TABLE ct_homework (\n\t  homework_id\t\t\t\tuuid DEFAULT uuid_generate_v4() not null primary key\n\t, homework_no\t\t\t\ttext not null\n\t, points_avail\t\t\t\tint not null default 10\n\t, video_url\t\t\t\t\ttext not null\n\t, video_img\t\t\t\t\ttext not null\n\t, lesson_body \t\t\t\tJSONb not null \t-- body, html, text etc.\n);\n\nCREATE INDEX ct_homework_p1 on ct_homework ( homework_no );\n\u003c/code\u003e\u003c/pre\u003e\n\n\u003cp\u003eNow do a select from the join table.\u003c/p\u003e\n\n\u003cpre\u003e\u003ccode\u003eselect * from ct_tag_homework order by 1, 2;\n\n\u003c/code\u003e\u003c/pre\u003e\n\n\u003ch2\u003eCreative Homework (40pts)\u003c/h2\u003e\n\n\u003cp\u003eConstruct a select that joins all 3 tables together.  The select should have\n\u003ccode\u003ehomework_title\u003c/code\u003e and \u003ccode\u003epoints_avail\u003c/code\u003e from the ct_homework table in it.\nIt should also have the \u003ccode\u003etag_word\u003c/code\u003e  from ct_tag and it should join from\nct_homework to ct_tag_homework to ct_tag.   The output should be an ordered\nlist of homework and all the tags that are associated with each homework.\nFor example in homework 29 you should have 3 tags, \u0026ldquo;m to n\u0026rdquo;, \u0026ldquo;m:n\u0026rdquo; and\n\u0026ldquo;m:n relationship\u0026rdquo; as the tags.    Also have the tags sorted alphabetically.\nThis means that \u0026ldquo;m to n\u0026rdquo; will be the last of the 3 tags for homework 29.\u003c/p\u003e\n\n\u003cp\u003eHints:  You need to sort by a column that you do not need to return.\nThis is the homework_no.   So you need to have a sub-select with\nthe order by on the inside select.\nThe example of a join is in homework 19 where we use a sub-select and\nthe order by on the inside select.\u003c/p\u003e\n\n\u003cp\u003eIn homework 11 we have an example of jointing to multiple tables at\nonce.\u003c/p\u003e\n\n\u003cp\u003eThe homework on inner joins is 18.\u003c/p\u003e\n\n\u003cp\u003eIt\u0026rsquo;s important that the sort order by homework_no be done as an\ninteger, not as text.  You will need to use a \u003ccode\u003e::int\u003c/code\u003e to convert\nthe text field to an integer field.\u003c/p\u003e\n\n\u003cp\u003eThe correct output data should look similar to:\u003c/p\u003e\n\n\u003cpre\u003e\u003ccode\u003e                                      homework_title                                      |      tag_word      \n------------------------------------------------------------------------------------------+--------------------\n  Interactive - 01 - Create Table                                                         | create table\n  Interactive - 01 - Create Table                                                         | hw01\n  Interactive - 01 - Create Table                                                         | type int\n  Interactive - 01 - Create Table                                                         | type text\n  Interactive - 01 - Create Table                                                         | type varchar\n  Interactive - 02 - Insert data into \u0026quot;name_list\u0026quot;                                         | hw02\n  Interactive - 02 - Insert data into \u0026quot;name_list\u0026quot;                                         | insert\n...\n...\n...\n  Interactive - 08 - create unique id and a primary key                                   | UUID\n  Interactive - 09 - add a table with state codes                                         | add constraint\n  Interactive - 09 - add a table with state codes                                         | alter table\n  Interactive - 09 - add a table with state codes                                         | foreign key\n  Interactive - 10 - add a index on the name table                                        | create index\n  Interactive - 11 - add a index on the name table that is case insensitive.              | create index\n...\n...\n...\n\n\u003c/code\u003e\u003c/pre\u003e\n\n\u003ch4\u003eTags: \u0026ldquo;m to n\u0026rdquo;,\u0026ldquo;m:n\u0026rdquo;,\u0026ldquo;m:n relationship\u0026rdquo;\u003c/h4\u003e\n","Lesson_no":29}' where homework_id = 'f178042c-1f77-423f-7a71-b955b70c5aca';


insert into ct_homework ( homework_id, homework_title, homework_no, video_url, video_img, lesson_body ) values ( '5340686e-921f-4ab9-5358-d76ba8d28faf', 'Interactive - 30 - 1 to ordered list relationship		(fk to uk with sequence)', '30', 'hw30.mp4', 'hw30.svg', '{}' );
insert into ct_tag ( tag_id, tag_word ) values ( '00b24c44-8b65-4394-62e0-357ab9d4546c', '1 to list' );
insert into ct_tag_homework ( tag_id, homework_id ) values ( '00b24c44-8b65-4394-62e0-357ab9d4546c', '5340686e-921f-4ab9-5358-d76ba8d28faf' );
insert into ct_tag ( tag_id, tag_word ) values ( '4bef43e1-9b10-4b39-6718-478e38aff56d', 'list of rows' );
insert into ct_tag_homework ( tag_id, homework_id ) values ( '4bef43e1-9b10-4b39-6718-478e38aff56d', '5340686e-921f-4ab9-5358-d76ba8d28faf' );
update ct_homework set lesson_body = '{"Lesson":"\u003cstyle\u003e\n.pagebreak { page-break-before: always; }\n.half { height: 200px; }\n\u003c/style\u003e\n\n\u003ch1\u003eInteractive - 30 - 1 to ordered list relationship     (fk to uk with sequence)\u003c/h1\u003e\n\n\u003cp\u003eThe model has a 1 to a list of rows.  This is a more unusual relationship\nbecause the list can be ordered by time.  Usually relationships in a SQL\ndatabase are not inherently ordered.  In  this case we use a sequence\ngenerated number to make the set of rows in a specific order.\u003c/p\u003e\n\n\u003cp\u003eTaken from hw26_3.sql that you have already run.\nYou don\u0026rsquo;t have to run it again.\nThe first step is to create a sequence.   This one is \u003ccode\u003et_log_seq\u003c/code\u003e.\nEach time a value is used from the sequenced it increments.\u003c/p\u003e\n\n\u003cpre\u003e\u003ccode\u003eCREATE SEQUENCE t_log_seq\n  INCREMENT 1\n  MINVALUE 1\n  MAXVALUE 9223372036854775807\n  START 1\n  CACHE 1;\n\n\u003c/code\u003e\u003c/pre\u003e\n\n\u003cp\u003eFor the field \u0026ldquo;seq\u0026rsquo; in the table we use the sequence.  This is\nthe \u003ccode\u003enextval(''t_log_seq''::regclass)\u003c/code\u003e default value.  When we insert\nwe allow the default value to fill \u003ccode\u003eseq\u003c/code\u003e.   Our join is a 1:n join\nbased on user_id to the user.  Each time a security event happens\nwe insert the type of event to this table.   In a complete\nsecurity system this kind of a \u0026ldquo;log\u0026rdquo; has a trigger on it and\nfor certain events it would generate an email to the user.  An\nexample is the creation of a device/application account or the\nchange of the account password.   Some events would just be logged\nfor later statistical usage - like a login or logout event.\u003c/p\u003e\n\n\u003cp\u003eAlso taken from hw26_3.sql that you have already run.\nYou don\u0026rsquo;t have to run it again.\u003c/p\u003e\n\n\u003cpre\u003e\u003ccode\u003eCREATE TABLE \u0026quot;t_ymux_user_log\u0026quot; (\n\t  \u0026quot;id\u0026quot;\t\t\t\t\tuuid DEFAULT uuid_generate_v4() not null primary key\n\t, \u0026quot;user_id\u0026quot;\t\t\t\tuuid \t-- if null then a failed event\n\t, \u0026quot;seq\u0026quot;\t \t\t\t\tbigint DEFAULT nextval(''t_log_seq''::regclass) NOT NULL \n\t, \u0026quot;activity_name\u0026quot;\t\ttext\n\t, \u0026quot;updated\u0026quot; \t\t\ttimestamp\n\t, \u0026quot;created\u0026quot; \t\t\ttimestamp default current_timestamp not null\n);\n\ncreate index \u0026quot;t_ymux_user_log_p1\u0026quot; on \u0026quot;t_ymux_user_log\u0026quot; ( \u0026quot;user_id\u0026quot;, \u0026quot;seq\u0026quot; );\ncreate index \u0026quot;t_ymux_user_log_p2\u0026quot; on \u0026quot;t_ymux_user_log\u0026quot; ( \u0026quot;user_id\u0026quot;, \u0026quot;created\u0026quot; );\n\u003c/code\u003e\u003c/pre\u003e\n\n\u003cp\u003eRun a simple select on t_ymux_user_log.  You should have at least 2 rows in\nit.\u003c/p\u003e\n\n\u003cpre\u003e\u003ccode\u003eselect * from t_ymux_user_log;\n\u003c/code\u003e\u003c/pre\u003e\n\n\u003ch2\u003eAssignment 03 - Create 2 tables.\u003c/h2\u003e\n\n\u003cp\u003e50 points.\u003c/p\u003e\n\n\u003cp\u003eCreate a table a \u0026ldquo;issue\u0026rdquo; table that has a text body column called \u0026ldquo;body\u0026rdquo;.\nThe table needs to have a UUID primary key that is automatically generated.\nThen create a child table, \u0026ldquo;issue_note\u0026rdquo; that has a list of comments with dates associated\nwith the \u0026ldquo;issue\u0026rdquo; table.   This list of comments needs to be ordered using\na \u0026ldquo;seq\u0026rdquo; column.   Create a sequence to support this column.  Call the sequence \u0026ldquo;t_issue_note_seq\u0026rdquo;.\nBoth tables need to have created/updated columns that are date stamps.\u003c/p\u003e\n\n\u003cp\u003eTurn in the source code for creating the tables with some inserts that put\ndata into the tables and a select that verifies an issue and a set of\nissue notes.\u003c/p\u003e\n\n\u003cp\u003eDon\u0026rsquo;t loose your source code for these tables.\nWe will use these tables in the assignment on key word search later in the class.\u003c/p\u003e\n\n\u003ch4\u003eTags: \u0026ldquo;1 to list\u0026rdquo;,\u0026ldquo;list of rows\u0026rdquo;\u003c/h4\u003e\n","Lesson_no":30}' where homework_id = '5340686e-921f-4ab9-5358-d76ba8d28faf';


insert into ct_homework ( homework_id, homework_title, homework_no, video_url, video_img, lesson_body ) values ( 'e2c5dd7f-ad51-4b17-7fc6-9a29cca7402d', 'Interactive - 31 - only one row of data				(uk with no sequence)', '31', 'hw31.mp4', 'hw31.svg', '{}' );
insert into ct_tag ( tag_id, tag_word ) values ( '276ca4b7-263a-4c5c-4e22-c07bfc18b8d4', 'single row' );
insert into ct_tag_homework ( tag_id, homework_id ) values ( '276ca4b7-263a-4c5c-4e22-c07bfc18b8d4', 'e2c5dd7f-ad51-4b17-7fc6-9a29cca7402d' );
insert into ct_tag ( tag_id, tag_word ) values ( 'bc50f815-9d33-4081-5b8f-fa677c088d5b', 'raise exception' );
insert into ct_tag_homework ( tag_id, homework_id ) values ( 'bc50f815-9d33-4081-5b8f-fa677c088d5b', 'e2c5dd7f-ad51-4b17-7fc6-9a29cca7402d' );
insert into ct_tag ( tag_id, tag_word ) values ( '2775fd07-a13a-4a31-62ea-bfcb2e1e794b', 'trigger' );
insert into ct_tag_homework ( tag_id, homework_id ) values ( '2775fd07-a13a-4a31-62ea-bfcb2e1e794b', 'e2c5dd7f-ad51-4b17-7fc6-9a29cca7402d' );
insert into ct_tag ( tag_id, tag_word ) values ( '10642e2b-7881-40ac-50f6-dd59f290dfa0', 'delete trigger' );
insert into ct_tag_homework ( tag_id, homework_id ) values ( '10642e2b-7881-40ac-50f6-dd59f290dfa0', 'e2c5dd7f-ad51-4b17-7fc6-9a29cca7402d' );
update ct_homework set lesson_body = '{"Lesson":"\u003cstyle\u003e\n.pagebreak { page-break-before: always; }\n.half { height: 200px; }\n\u003c/style\u003e\n\n\u003ch1\u003eInteractive - 31 - only one row of data               (uk with no sequence)\u003c/h1\u003e\n\n\u003cp\u003eWith system configuration tables it is often useful to only have 1 row of data.\nEach configuration item is a distinct column in the table.\u003c/p\u003e\n\n\u003cp\u003eThis can be done with a primary key and a constraint.     The constraint limits the values\non the primary key and results in an error if a attempt to insert a 2nd row occurs.\u003c/p\u003e\n\n\u003cp\u003eIn this example we just have \u003ccode\u003eapplicaiton_name\u003c/code\u003e as the single configuration item.\u003c/p\u003e\n\n\u003cpre\u003e\u003ccode\u003ecreate table ct_config (\n\tconfig_id serial primary key check ( config_id = 1 ),\n\tapplication_name text\n);\n\n\u003c/code\u003e\u003c/pre\u003e\n\n\u003cp\u003eThe first insert will work.  Then 2nd will not.\u003c/p\u003e\n\n\u003cpre\u003e\u003ccode\u003einsert into ct_config ( application_name ) values ( ''4280 class'' );\n\n\n\u003c/code\u003e\u003c/pre\u003e\n\n\u003cp\u003eand 2nd insert\u003c/p\u003e\n\n\u003cpre\u003e\u003ccode\u003einsert into ct_config ( application_name ) values ( ''4010 blockchain class'' );\n\n\u003c/code\u003e\u003c/pre\u003e\n\n\u003cp\u003eon the 2nd insert you should get an error similar to:\u003c/p\u003e\n\n\u003cpre\u003e\u003ccode\u003epsql:hw31_3.sql:3: ERROR:  new row for relation \u0026quot;ct_config\u0026quot; violates check constraint \u0026quot;ct_config_config_id_check\u0026quot;\nDETAIL:  Failing row contains (2, 4010 blockchain class).\n\u003c/code\u003e\u003c/pre\u003e\n\n\u003cp\u003eWe can prevent delete of the row with a trigger.\u003c/p\u003e\n\n\u003cpre\u003e\u003ccode\u003eCREATE OR REPLACE FUNCTION ct_config_prevent_delete() \nRETURNS trigger AS $$\nBEGIN            \n\tIF OLD.config_id = 1 THEN\n\t\tRAISE EXCEPTION ''cannot delete configuration row'';\n\tEND IF;\nEND;\n$$ \nLANGUAGE plpgsql;\n\nCREATE TRIGGER ct_config_prevent_delete \nBEFORE DELETE ON ct_config\nFOR EACH ROW EXECUTE PROCEDURE ct_config_prevent_delete();\n\n\n\u003c/code\u003e\u003c/pre\u003e\n\n\u003cp\u003eWhen you try to delete:\u003c/p\u003e\n\n\u003cpre\u003e\u003ccode\u003edelete from ct_config;\n\u003c/code\u003e\u003c/pre\u003e\n\n\u003cp\u003eYou should get an error similar to:\u003c/p\u003e\n\n\u003cpre\u003e\u003ccode\u003eERROR:  cannot delete configuration row\nCONTEXT:  PL/pgSQL function ct_config_prevent_delete() line 4 at RAISE\n\n\u003c/code\u003e\u003c/pre\u003e\n\n\u003ch4\u003eTags: \u0026ldquo;single row\u0026rdquo;,\u0026ldquo;raise exception\u0026rdquo;,\u0026ldquo;trigger\u0026rdquo;,\u0026ldquo;delete trigger\u0026rdquo;\u003c/h4\u003e\n","Lesson_no":31}' where homework_id = 'e2c5dd7f-ad51-4b17-7fc6-9a29cca7402d';


insert into ct_homework ( homework_id, homework_title, homework_no, video_url, video_img, lesson_body ) values ( '0cdd2586-04e9-462d-7468-4d2d1e82b639', 'Interactive - 32 - only one a fixed set of rows.		(pre-papulae with key, pk, check-constraint on key)', '32', 'hw32.mp4', 'hw32.svg', '{}' );
insert into ct_tag ( tag_id, tag_word ) values ( 'e025383b-d9c4-47ab-73e3-2c0e67354234', 'fixed set rows' );
insert into ct_tag_homework ( tag_id, homework_id ) values ( 'e025383b-d9c4-47ab-73e3-2c0e67354234', '0cdd2586-04e9-462d-7468-4d2d1e82b639' );
insert into ct_tag_homework ( tag_id, homework_id ) values ( '2775fd07-a13a-4a31-62ea-bfcb2e1e794b', '0cdd2586-04e9-462d-7468-4d2d1e82b639' );
insert into ct_tag ( tag_id, tag_word ) values ( '6f4c2dca-64ec-4df4-61d7-8482f0481c11', 'check constraint' );
insert into ct_tag_homework ( tag_id, homework_id ) values ( '6f4c2dca-64ec-4df4-61d7-8482f0481c11', '0cdd2586-04e9-462d-7468-4d2d1e82b639' );
update ct_homework set lesson_body = '{"Lesson":"\u003cstyle\u003e\n.pagebreak { page-break-before: always; }\n.half { height: 200px; }\n\u003c/style\u003e\n\n\u003ch1\u003eInteractive - 32 - only one a fixed set of rows.      (pre-papulae with key, pk, check-constraint on key)\u003c/h1\u003e\n\n\u003cp\u003eThere is a different way to implement a set of configuration items.  In this case the items\nare stored one in each row in a set of fixed rows.\u003c/p\u003e\n\n\u003cpre\u003e\u003ccode\u003eDROP  TABLE if exists ct_config_row ;\n\nCREATE TABLE ct_config_row (\n\t  id\t\t\t\tserial not null primary key\n\t, name \t\t\t\ttext not null check ( name in (\n\t\t\t\t\t\t\t''security_method'',\n\t\t\t\t\t\t\t''encryption''\n\t\t\t\t\t\t) )\n\t, ty \t\t\t\ttext not null default ''str''\n\t, value \t\t\ttext \n\t, i_value \t\t\tbigint\n\t, b_value \t\t\tboolean\n);\n\nCREATE UNIQUE INDEX ct_config_row_p1 on ct_config_row ( name );\n\n\u003c/code\u003e\u003c/pre\u003e\n\n\u003cp\u003eWith a table like this we can insert some values:\u003c/p\u003e\n\n\u003cpre\u003e\u003ccode\u003einsert into ct_config_row ( name, value ) values\t\n\t( ''security_method'', ''jwt'' ),\n\t( ''encryption'', ''es'' )\n;\n\n\u003c/code\u003e\u003c/pre\u003e\n\n\u003cp\u003eThe fixed set of configuration items is checked with the check constraint\nand the unique key on name.\u003c/p\u003e\n\n\u003cp\u003eA trigger can be used to prevent deletion of items.\u003c/p\u003e\n\n\u003cpre\u003e\u003ccode\u003eCREATE OR REPLACE FUNCTION ct_config_row_prevent_delete() \nRETURNS trigger AS $$\nBEGIN            \n\tIF OLD.config_id = 1 THEN\n\t\tRAISE EXCEPTION ''cannot delete configuration row'';\n\tEND IF;\nEND;\n$$ \nLANGUAGE plpgsql;\n\nCREATE TRIGGER ct_config_row_prevent_delete \nBEFORE DELETE ON ct_config_row\nFOR EACH ROW EXECUTE PROCEDURE ct_config_row_prevent_delete();\n\n\u003c/code\u003e\u003c/pre\u003e\n\n\u003ch4\u003eTags: \u0026ldquo;fixed set rows\u0026rdquo;,\u0026ldquo;trigger\u0026rdquo;,\u0026ldquo;check constraint\u0026rdquo;\u003c/h4\u003e\n","Lesson_no":32}' where homework_id = '0cdd2586-04e9-462d-7468-4d2d1e82b639';


insert into ct_homework ( homework_id, homework_title, homework_no, video_url, video_img, lesson_body ) values ( '60b2d3df-9d44-4b61-6490-ff30b411e828', 'Interactive - 33 - types of indexes (hash, gin)', '33', 'hw33.mp4', 'hw33.svg', '{}' );
insert into ct_tag_homework ( tag_id, homework_id ) values ( 'dc12353f-e974-4168-7e00-faf5176761de', '60b2d3df-9d44-4b61-6490-ff30b411e828' );
insert into ct_tag ( tag_id, tag_word ) values ( 'ccd6db59-677f-44a4-4d99-56ed91ba9119', 'gin index' );
insert into ct_tag_homework ( tag_id, homework_id ) values ( 'ccd6db59-677f-44a4-4d99-56ed91ba9119', '60b2d3df-9d44-4b61-6490-ff30b411e828' );
insert into ct_tag ( tag_id, tag_word ) values ( '790bd3da-6388-46c5-4604-c3de2c6cf663', 'hash index' );
insert into ct_tag_homework ( tag_id, homework_id ) values ( '790bd3da-6388-46c5-4604-c3de2c6cf663', '60b2d3df-9d44-4b61-6490-ff30b411e828' );
update ct_homework set lesson_body = '{"Lesson":"\u003cstyle\u003e\n.pagebreak { page-break-before: always; }\n.half { height: 200px; }\n\u003c/style\u003e\n\n\u003ch1\u003eInteractive - 33 - types of indexes (hash, gin)\u003c/h1\u003e\n\n\u003cp\u003eThe default type of index in most SQL databases is a B-Tree.  This is a wide tree\nthat can produce sorted data based on the data type and ordering of that data.\u003c/p\u003e\n\n\u003cp\u003eThis is not the only kind of index.\u003c/p\u003e\n\n\u003cp\u003eIn some cases ordering of data is meaningless.  For example UUIDs do not have\nany order.  We will still need to have an index to look up a value but\nsorting on UUID rarely makes any sense.  A faster index for data that has\nno order is a \u0026ldquo;hash\u0026rdquo; index.\u003c/p\u003e\n\n\u003cp\u003eAn example of a hash index is:\u003c/p\u003e\n\n\u003cpre\u003e\u003ccode\u003eCREATE INDEX ct_config_row_p2 on ct_config_row USING hash ( value );\n\n\u003c/code\u003e\u003c/pre\u003e\n\n\u003cp\u003eHash indexes in PostreSQL do not support unique index constraints.  In versions\nbefore 13 of PosgreSQL there are other limitations on how indexes are replicated\nand restored from a backup.\u003c/p\u003e\n\n\u003cp\u003eAnother type of index is a Generalized Inverse Index or GIN index. This is often\nused in conjunction with JSONb data types.\u003c/p\u003e\n\n\u003cp\u003eIn interactive homework 26 part 5 we created a column lesson_body with a data\ntype of JSONb.  We can create a GIN index on this that will allow for fast\nsearches of the JSON data.\u003c/p\u003e\n\n\u003cpre\u003e\u003ccode\u003eCREATE INDEX ct_homework_p2 on ct_homework USING gin ( lesson_body );\n\u003c/code\u003e\u003c/pre\u003e\n\n\u003ch4\u003eTags: \u0026ldquo;index\u0026rdquo;,\u0026ldquo;gin index\u0026rdquo;,\u0026ldquo;hash index\u0026rdquo;\u003c/h4\u003e\n","Lesson_no":33}' where homework_id = '60b2d3df-9d44-4b61-6490-ff30b411e828';


update ct_homework set lesson_body = '{"Lesson":"\u003cstyle\u003e\n.pagebreak { page-break-before: always; }\n.half { height: 200px; }\n\u003c/style\u003e\n\n\u003ch1\u003eHomework 34 -\u003c/h1\u003e\n","Lesson_no":34}' where homework_id = 'e818b461-acfd-4981-7733-b5c5f89c3cab';


insert into ct_homework ( homework_id, homework_title, homework_no, video_url, video_img, lesson_body ) values ( 'e6d58317-ebbc-466f-6f06-53613558537c', 'Interactive - 35 - views', '35', 'hw35.mp4', 'hw35.svg', '{}' );
insert into ct_tag ( tag_id, tag_word ) values ( 'c7846005-e835-4b86-5932-f8d68c5b1dcf', 'view' );
insert into ct_tag_homework ( tag_id, homework_id ) values ( 'c7846005-e835-4b86-5932-f8d68c5b1dcf', 'e6d58317-ebbc-466f-6f06-53613558537c' );
insert into ct_tag ( tag_id, tag_word ) values ( '8348fa34-97b3-4f66-4baf-4e994998b30b', 'unused index' );
insert into ct_tag_homework ( tag_id, homework_id ) values ( '8348fa34-97b3-4f66-4baf-4e994998b30b', 'e6d58317-ebbc-466f-6f06-53613558537c' );
update ct_homework set lesson_body = '{"Lesson":"\u003cstyle\u003e\n.pagebreak { page-break-before: always; }\n.half { height: 200px; }\n\u003c/style\u003e\n\n\u003ch1\u003eInteractive - 35 - views\u003c/h1\u003e\n\n\u003cp\u003eThe database can create a pre-defined select called a view.\nA view is a query that you set up that looks like a table when selected from but\ncan be a join or other set of operations.  It is kind of like a query-macro.\u003c/p\u003e\n\n\u003cp\u003eFor example we can create a view that let\u0026rsquo;s us list the unused indexes.\u003c/p\u003e\n\n\u003cp\u003eThis is the file hw35_1.sql.\u003c/p\u003e\n\n\u003cpre\u003e\u003ccode\u003eCREATE OR REPLACE VIEW unused_index as\nSELECT\n    idstat.relname AS TABLE_NAME,\n    indexrelname AS INDEX_NAME,\n    idstat.idx_scan AS index_scans_count,\n    pg_size_pretty(pg_relation_size(indexrelid)) AS index_size,\n    tabstat.idx_scan AS table_reads_index_count,\n    tabstat.seq_scan AS table_reads_seq_count,\n    tabstat.seq_scan + tabstat.idx_scan AS table_reads_count,\n    n_tup_upd + n_tup_ins + n_tup_del AS table_writes_count,\n    pg_size_pretty(pg_relation_size(idstat.relid)) AS table_size\nFROM pg_stat_user_indexes AS idstat\n\tJOIN pg_indexes ON indexrelname = indexname\n\t\t\tAND idstat.schemaname = pg_indexes.schemaname\n\tJOIN pg_stat_user_tables AS tabstat ON idstat.relid = tabstat.relid\nWHERE indexdef !~* ''unique''\nORDER BY\n    idstat.idx_scan DESC,\n    pg_relation_size(indexrelid) DESC\n;\n\n\u003c/code\u003e\u003c/pre\u003e\n\n\u003cp\u003eThen when we want the list of unused indexes we just select from the view.\u003c/p\u003e\n\n\u003cpre\u003e\u003ccode\u003eselect * from unused_index;\n\n\u003c/code\u003e\u003c/pre\u003e\n\n\u003ch4\u003eTags: view,\u0026ldquo;unused index\u0026rdquo;\u003c/h4\u003e\n","Lesson_no":35}' where homework_id = 'e6d58317-ebbc-466f-6f06-53613558537c';


insert into ct_homework ( homework_id, homework_title, homework_no, video_url, video_img, lesson_body ) values ( '2df632ab-a8fe-48ec-6121-75d475132b5e', 'Interactive - 36 - stored procedures', '36', 'hw36.mp4', 'hw36.svg', '{}' );
insert into ct_tag ( tag_id, tag_word ) values ( 'e38ad30e-1ec4-400e-5567-b56528f9da1a', 'function' );
insert into ct_tag_homework ( tag_id, homework_id ) values ( 'e38ad30e-1ec4-400e-5567-b56528f9da1a', '2df632ab-a8fe-48ec-6121-75d475132b5e' );
insert into ct_tag ( tag_id, tag_word ) values ( '991bcb1e-bc7b-478f-6caa-376422d89cc8', 'stored procedure' );
insert into ct_tag_homework ( tag_id, homework_id ) values ( '991bcb1e-bc7b-478f-6caa-376422d89cc8', '2df632ab-a8fe-48ec-6121-75d475132b5e' );
insert into ct_tag ( tag_id, tag_word ) values ( '4db16c90-c2af-4c95-486e-1543f4228cca', 'transaction' );
insert into ct_tag_homework ( tag_id, homework_id ) values ( '4db16c90-c2af-4c95-486e-1543f4228cca', '2df632ab-a8fe-48ec-6121-75d475132b5e' );
update ct_homework set lesson_body = '{"Lesson":"\u003cstyle\u003e\n.pagebreak { page-break-before: always; }\n.half { height: 200px; }\n\u003c/style\u003e\n\n\u003ch1\u003eInteractive - 36 - stored procedures\u003c/h1\u003e\n\n\u003cp\u003eWe have been using store procedures for a number of examples so far.    Triggers in\nPostgreSQL call stored procedures.   In PostgreSQL all stored procedures are called \u0026ldquo;functions\u0026rdquo;.\u003c/p\u003e\n\n\u003cp\u003ePostgreSQL allows for stored procedures in multiple languages.   The default language is PL/pgSQL\nand this us defined using the \u003ccode\u003eLANGUAGE\u003c/code\u003e specifier.  I usually put this at the end but it can\nbe done at the top also.\u003c/p\u003e\n\n\u003cp\u003eThe section from $$ to $$ is the body that is saved and run when the function is called.\u003c/p\u003e\n\n\u003cp\u003eThere are a slew of options on how a function is run.\u003c/p\u003e\n\n\u003cpre\u003e\u003ccode\u003eCREATE or REPLACE FUNCTION function_name ( parameter_list varchar )\nRETURNS varchar \nAS $$\nDECLARE\n\tdata text;\nBEGIN\n\n\t-- do something\n\n\tRETURN data;\nEND;\n$$ LANGUAGE plpgsql;\n\u003c/code\u003e\u003c/pre\u003e\n\n\u003cp\u003eThe easy way to call a function is with a \u0026ldquo;select\u0026rdquo;.\nFor example:\u003c/p\u003e\n\n\u003cpre\u003e\u003ccode\u003eselect function_name ( ''a'' );\n\u003c/code\u003e\u003c/pre\u003e\n\n\u003cp\u003eStored procedures have some advantages.  The code is run inside or near to the database.  This makes\nthe cost of moving data back and forth very low.    Stored procedures are a well developed and optimized\ntechnology and tend to be fast.\u003c/p\u003e\n\n\u003cp\u003eWith PL/pgSQL as the language the data types exactly match with the database and the handling of values\nlike NULL is clear and easy.\u003c/p\u003e\n\n\u003cp\u003eWe can check to see if a select fails to return data and for nulls in a fashion that is built into the\nlanguage.\u003c/p\u003e\n\n\u003cpre\u003e\u003ccode\u003eCREATE or REPLACE FUNCTION function_name ( parameter_list varchar )\nRETURNS varchar \nAS $$\nDECLARE\n\tdata text;\nBEGIN\n\n\tSELECT ''PASS''\n\t\tINTO data\n\t\tFROM ct_config \n\t\tWHERE config_id = 1;\n\tIF not found THEN\n\t\tdata = ''FAIL'';\n\tEND IF;\n\n\tRETURN data;\nEND;\n$$ LANGUAGE plpgsql;\n\n\u003c/code\u003e\u003c/pre\u003e\n\n\u003cp\u003eIn PostgreSQL a stored procedure creates a transaction at the \u0026ldquo;BEGIN\u0026rdquo; and ends it at the\n\u0026ldquo;END\u0026rdquo;.  This means that if you \u0026ldquo;RAISE\u0026rdquo; an error in the middle it will result in rolling back\nthe entire transaction.\u003c/p\u003e\n\n\u003cp\u003eStored procedures can return rows of data.  Note the fact that the loop returns a single\nrow and then restart\u0026rsquo;s for each additional row.\u003c/p\u003e\n\n\u003cp\u003eFor example:\u003c/p\u003e\n\n\u003cpre\u003e\u003ccode\u003e-- using table from hw13_4.sql us_state\n\nCREATE OR REPLACE FUNCTION getStateFipsCode() \nRETURNS SETOF us_state \nAS $$\nDECLARE\n    r us_state%rowtype;\nBEGIN\n    FOR r IN \t\n\t\tSELECT * FROM us_state\n\t\tWHERE gdp_growth \u0026gt; 1.0\n    LOOP\n\n        -- can do some processing here\n\n        RETURN NEXT r; -- return current row of SELECT\n    END LOOP;\n    RETURN;\nEND\n$$\nLANGUAGE ''plpgsql'' ;\n\nSELECT * \n\tFROM getStateFipsCode()\n;\n\n\u003c/code\u003e\u003c/pre\u003e\n\n\u003ch4\u003eTags: \u0026ldquo;function\u0026rdquo;,\u0026ldquo;stored procedure\u0026rdquo;,\u0026ldquo;transaction\u0026rdquo;\u003c/h4\u003e\n","Lesson_no":36}' where homework_id = '2df632ab-a8fe-48ec-6121-75d475132b5e';


insert into ct_homework ( homework_id, homework_title, homework_no, video_url, video_img, lesson_body ) values ( '81f89014-836d-4a69-7e25-ce99f275a0f2', 'Interactive - 37 - encrypted/hashed passwords storage', '37', 'hw37.mp4', 'hw37.svg', '{}' );
insert into ct_tag ( tag_id, tag_word ) values ( '1d232e42-6479-41ff-7831-c15b0591782e', 'password' );
insert into ct_tag_homework ( tag_id, homework_id ) values ( '1d232e42-6479-41ff-7831-c15b0591782e', '81f89014-836d-4a69-7e25-ce99f275a0f2' );
insert into ct_tag ( tag_id, tag_word ) values ( '96f31088-1a7b-42c2-6f93-aa3192f6901e', 'hash password' );
insert into ct_tag_homework ( tag_id, homework_id ) values ( '96f31088-1a7b-42c2-6f93-aa3192f6901e', '81f89014-836d-4a69-7e25-ce99f275a0f2' );
insert into ct_tag ( tag_id, tag_word ) values ( '969994a8-95ba-4561-6977-4831acfe24cc', 'encrypted' );
insert into ct_tag_homework ( tag_id, homework_id ) values ( '969994a8-95ba-4561-6977-4831acfe24cc', '81f89014-836d-4a69-7e25-ce99f275a0f2' );
update ct_homework set lesson_body = '{"Lesson":"\u003cstyle\u003e\n.pagebreak { page-break-before: always; }\n.half { height: 200px; }\n\u003c/style\u003e\n\n\u003ch1\u003eInteractive - 37 - encrypted/hashed passwords storage\u003c/h1\u003e\n\n\u003cp\u003eIt is a good idea to store passwords in a way that if the entire database is lost\nyou do not loos anybody\u0026rsquo;s password.  You need to hash them or encrypt them\nin the table.\u003c/p\u003e\n\n\u003cp\u003eThere are hash functions that are designed for this.  Of of these is\u003cbr /\u003e\nthe blowfish algorithm.  It is denoted to in the encryption parameters as \u0026lsquo;bf\u0026rsquo;.\u003c/p\u003e\n\n\u003cp\u003eFirst, we need to enable pgcrypto:\u003c/p\u003e\n\n\u003cpre\u003e\u003ccode\u003eCREATE EXTENSION if not exists pgcrypto;\n\n\u003c/code\u003e\u003c/pre\u003e\n\n\u003cp\u003eThen, we can create a table for storing user credentials:\u003c/p\u003e\n\n\u003cpre\u003e\u003ccode\u003e\nDROP TABLE IF EXISTS example_users ;\n\nCREATE TABLE example_users (\n\tid SERIAL PRIMARY KEY,\n\temail TEXT NOT NULL UNIQUE,\n\tpassword TEXT NOT NULL\n);\n\n\nCREATE OR REPLACE function example_users_insert()\nRETURNS trigger AS $$\nDECLARE \n\tl_salt text;\n\tl_pw text;\nBEGIN\n\tselect gen_salt(''bf'')\n\t\tinto l_salt;\n\tl_pw = NEW.password;\n\tNEW.password = crypt(l_pw, l_salt);\n\tRETURN NEW;\nEND\n$$ LANGUAGE ''plpgsql'';\n\n\nCREATE TRIGGER example_users_insert_trig\nBEFORE insert or update ON example_users\nFOR EACH ROW\nEXECUTE PROCEDURE example_users_insert();\n\n\n\u003c/code\u003e\u003c/pre\u003e\n\n\u003cp\u003eWhen we insert into the table we can then save the hash of the password instead of the\npassword itself.\u003c/p\u003e\n\n\u003cpre\u003e\u003ccode\u003eINSERT INTO example_users (email, password) VALUES \n\t( ''pschlump@uwyo.edu'', ''my-very-bad-password'')\n;\n\n\u003c/code\u003e\u003c/pre\u003e\n\n\u003cp\u003eWhen we want to validate that a password that has been passed in is correct\nwe compare to the hashed value with:\u003c/p\u003e\n\n\u003cpre\u003e\u003ccode\u003eSELECT id \nFROM example_users as t1\nWHERE t1.email = ''pschlump@uwyo.edu''\n  AND t1.password = crypt(''my-very-bad-password'', t1.password)\n;\n\n\u003c/code\u003e\u003c/pre\u003e\n\n\u003cp\u003eThis would be a good candidate to encapsulate into a stored procedure.\u003c/p\u003e\n\n\u003cpre\u003e\u003ccode\u003eCREATE or REPLACE FUNCTION login_correct ( un varchar, pw varchar )\nRETURNS varchar \nAS $$\nDECLARE\n\tdata text;\nBEGIN\n\n\tBEGIN\n\t\tSELECT ''VALID-USER''\n\t\t\tINTO data\n\t\t\tFROM example_users as t1\n\t\t\tWHERE t1.email = un\n\t\t\t  AND t1.password = crypt(pw, t1.password)\n\t\t\t;\n\t\tIF not found THEN\n\t\t\tdata = ''Incorrect username or password.'';\n\t\tEND IF;\n\tEXCEPTION\t\n\t\tWHEN no_data_found THEN\n\t\t\tdata = ''Incorrect username or password.'';\n\t\tWHEN too_many_rows THEN\n\t\t\tdata = ''Incorrect username or password.'';\n\t\tWHEN others THEN\n\t\t\tdata = ''Incorrect username or password.'';\n\tEND;\n\n\tRETURN data;\nEND;\n$$ LANGUAGE plpgsql;\n\nselect login_correct ( ''pschlump@uwyo.edu'', ''my-very-bad-password'' );\n\nselect login_correct ( ''pschlump@uwyo.edu'', ''my-VERY-bad-password'' );\n\n\n\n\u003c/code\u003e\u003c/pre\u003e\n\n\u003ch4\u003eTags: \u0026ldquo;password\u0026rdquo;,\u0026ldquo;hash password\u0026rdquo;,\u0026ldquo;encrypted\u0026rdquo;\u003c/h4\u003e\n","Lesson_no":37}' where homework_id = '81f89014-836d-4a69-7e25-ce99f275a0f2';


insert into ct_homework ( homework_id, homework_title, homework_no, video_url, video_img, lesson_body ) values ( 'b346e7c8-fea8-47f4-7e03-2366219547df', 'Interactive - 42 - foreign data wrapper', '42', 'hw42.mp4', 'hw42.svg', '{}' );
insert into ct_tag ( tag_id, tag_word ) values ( '0ee209fc-2647-4272-577e-ad45d7637c4f', 'foreign data wrapper' );
insert into ct_tag_homework ( tag_id, homework_id ) values ( '0ee209fc-2647-4272-577e-ad45d7637c4f', 'b346e7c8-fea8-47f4-7e03-2366219547df' );
insert into ct_tag ( tag_id, tag_word ) values ( '8c5be41b-4369-4e85-7dd1-48f99744bee2', 'csv' );
insert into ct_tag_homework ( tag_id, homework_id ) values ( '8c5be41b-4369-4e85-7dd1-48f99744bee2', 'b346e7c8-fea8-47f4-7e03-2366219547df' );
insert into ct_tag ( tag_id, tag_word ) values ( '64c07458-051c-4bc3-76a3-711f2dbc9737', 'fdw' );
insert into ct_tag_homework ( tag_id, homework_id ) values ( '64c07458-051c-4bc3-76a3-711f2dbc9737', 'b346e7c8-fea8-47f4-7e03-2366219547df' );
insert into ct_tag ( tag_id, tag_word ) values ( '25014482-b095-4bd2-4b11-92e19df247e2', 'import data' );
insert into ct_tag_homework ( tag_id, homework_id ) values ( '25014482-b095-4bd2-4b11-92e19df247e2', 'b346e7c8-fea8-47f4-7e03-2366219547df' );
update ct_homework set lesson_body = '{"Lesson":"\u003cstyle\u003e\n.pagebreak { page-break-before: always; }\n.half { height: 200px; }\n\u003c/style\u003e\n\n\u003ch1\u003eInteractive - 42 - foreign data wrapper\u003c/h1\u003e\n\n\u003cp\u003ePostgreSQL can access data outside of the database.  This is called a foreign data wrapper (FDW).   There are all sorts of foreign data\nwrappers.  You can access data in other databases like Oracle or MySQL.  You can access\ndata in NoSQL databases like MongoDB.     For a full list (of over 30 different kinds of data you can access)\n\u003ca href=\"https://wiki.postgresql.org/wiki/Foreign_data_wrappers\"\u003ehttps://wiki.postgresql.org/wiki/Foreign_data_wrappers\u003c/a\u003e .\u003c/p\u003e\n\n\u003cp\u003eAlso you can use files like comma separated value (CSV) files through the FDW.  There is a file_fdw data wrapper!\u003c/p\u003e\n\n\u003cp\u003eTo set this up you need to create the extension in PostgreSQL.\u003c/p\u003e\n\n\u003cpre\u003e\u003ccode\u003eCREATE EXTENSION if not exists file_fdw;\nCREATE SERVER import FOREIGN DATA WRAPPER file_fdw;\n\n\u003c/code\u003e\u003c/pre\u003e\n\n\u003cp\u003eThen we can use data on the PostgreSQL server and access it.   There is a file with data on our server at \u003ccode\u003e/home/uw4280/hw42_data.csv\u003c/code\u003e.\u003c/p\u003e\n\n\u003cp\u003eThe data in the file is:\u003c/p\u003e\n\n\u003cpre\u003e\u003ccode\u003eabc,def\nghi,jkl\nabc,jkl\n\n\u003c/code\u003e\u003c/pre\u003e\n\n\u003cp\u003eWe can create a table that matches with this and imports the data.\u003c/p\u003e\n\n\u003cpre\u003e\u003ccode\u003e\nCREATE FOREIGN TABLE table1_import (\n  col1 text,\n  col2 text\n) SERVER import OPTIONS ( filename ''/home/pschlump/go/src/github.com/Univ-Wyo-Education/S21-4280/learn-db/hw/hw42_03.csv'', format ''csv'' );\n\n\u003c/code\u003e\u003c/pre\u003e\n\n\u003cp\u003eNow we can use standard selects to access the data.\u003c/p\u003e\n\n\u003cpre\u003e\u003ccode\u003e\nselect * from table1_import;\n\nselect * from table1_import where col1 = ''abc'';\n\n\n\u003c/code\u003e\u003c/pre\u003e\n\n\u003cp\u003eThe limitation on the selects and the table is that it will do a full table scan (slow)\neach time you access the data.  If you want to create indexes on it you need to use\na materialized view or create a new table with the data in it.  Then create indexes\nand other data objects based on that table.\u003c/p\u003e\n\n\u003cp\u003eYou can use FDW to access other PostgreSQL databases and other databases in different\nmachines.\u003c/p\u003e\n\n\u003cp\u003eAnother way to access a different database is to use \u003ccode\u003edblink\u003c/code\u003e in a query.  This is\nmore efficient, but can only be used to access database in the same running instance\nof PotreSQL.\u003c/p\u003e\n\n\u003cp\u003eThis is an example of using \u003ccode\u003edblink\u003c/code\u003e - you don\u0026rsquo;t need to run it.  It is just an example.\u003c/p\u003e\n\n\u003cpre\u003e\u003ccode\u003eSELECT * \nFROM   table1 as t1 \nLEFT   JOIN (\n   SELECT *\n   FROM dblink(''dbname=database2'',''SELECT t3.id, t3.code FROM table2 as t3'') AS t2(id int, code text)\n) AS t4 ON t4.column = t1.column\n;\n\u003c/code\u003e\u003c/pre\u003e\n\n\u003ch4\u003eTags: \u0026ldquo;foreign data wrapper\u0026rdquo;,\u0026ldquo;csv\u0026rdquo;,\u0026ldquo;fdw\u0026rdquo;,\u0026ldquo;import data\u0026rdquo;\u003c/h4\u003e\n","Lesson_no":42}' where homework_id = 'b346e7c8-fea8-47f4-7e03-2366219547df';


insert into ct_homework ( homework_id, homework_title, homework_no, video_url, video_img, lesson_body ) values ( '09da791e-fd5e-4572-76b6-1de90022766f', 'Interactive - 43 - indexes on functions - soundex', '43', 'hw43.mp4', 'hw43.svg', '{}' );
insert into ct_tag ( tag_id, tag_word ) values ( 'd5d74abd-87f7-4572-4113-91e1e68d7947', 'fuzzy match' );
insert into ct_tag_homework ( tag_id, homework_id ) values ( 'd5d74abd-87f7-4572-4113-91e1e68d7947', '09da791e-fd5e-4572-76b6-1de90022766f' );
insert into ct_tag ( tag_id, tag_word ) values ( '1c1165ce-a6e6-46d1-6b1d-4dfca850f25f', 'soundex' );
insert into ct_tag_homework ( tag_id, homework_id ) values ( '1c1165ce-a6e6-46d1-6b1d-4dfca850f25f', '09da791e-fd5e-4572-76b6-1de90022766f' );
insert into ct_tag ( tag_id, tag_word ) values ( '4f9dbeb0-5e1e-4234-4917-b99b8d3a993f', 'function based index' );
insert into ct_tag_homework ( tag_id, homework_id ) values ( '4f9dbeb0-5e1e-4234-4917-b99b8d3a993f', '09da791e-fd5e-4572-76b6-1de90022766f' );
insert into ct_file_list ( file_list_id, homework_no, file_name ) values ( '1bc65d71-30b1-4d2c-6b45-dfc121a844a1', 43, 'hw43_1.sql' );
update ct_homework set lesson_body = '{"Lesson":"\u003cstyle\u003e\n.pagebreak { page-break-before: always; }\n.half { height: 200px; }\n\u003c/style\u003e\n\n\u003ch1\u003eInteractive - 43 - indexes on functions - soundex\u003c/h1\u003e\n\n\u003cp\u003eYou can create indexes on the output of functions then use this\nto quickly lookup a row that matches.  An example of this is\nsoundex - a fuzzy match for a name that is based on a phonetic\nlookup.\u003c/p\u003e\n\n\u003cp\u003eNote: If you need to have an effective name lookup there are\nbetter functions for this - search for \u003ccode\u003efuzzy-match  postgresql\u003c/code\u003e\nand there is a built in library - but the other fuzzy match\nfunctions are much more complex.\u003c/p\u003e\n\n\u003cp\u003eAnother example would be an upper or lower case function\napplied to a text field.\u003c/p\u003e\n\n\u003cp\u003eThis example is the how-to build an index using a function.\nSo\u0026hellip;\u003c/p\u003e\n\n\u003cp\u003eThe function is\u0026hellip;\u003c/p\u003e\n\n\u003cpre\u003e\u003ccode\u003eCREATE OR REPLACE FUNCTION soundex(input text) RETURNS text\nIMMUTABLE STRICT COST 500 LANGUAGE plpgsql\nAS $$\nDECLARE\n\tsoundex text = '''';\n\tchar text;\n\tsymbol text;\n\tlast_symbol text = '''';\n\tpos int = 1;\nBEGIN\n\tWHILE length(soundex) \u0026lt; 4 LOOP\n\t\tchar = upper(substr(input, pos, 1));\n\t\tpos = pos + 1;\n\t\tCASE char\n\t\tWHEN '''' THEN\n\t\t\t-- End of input string\n\t\t\tIF soundex = '''' THEN\n\t\t\t\tRETURN '''';\n\t\t\tELSE\n\t\t\t\tRETURN rpad(soundex, 4, ''0'');\n\t\t\tEND IF;\n\t\tWHEN ''B'', ''F'', ''P'', ''V'' THEN\n\t\t\tsymbol = ''1'';\n\t\tWHEN ''C'', ''G'', ''J'', ''K'', ''Q'', ''S'', ''X'', ''Z'' THEN\n\t\t\tsymbol = ''2'';\n\t\tWHEN ''D'', ''T'' THEN\n\t\t\tsymbol = ''3'';\n\t\tWHEN ''L'' THEN\n\t\t\tsymbol = ''4'';\n\t\tWHEN ''M'', ''N'' THEN\n\t\t\tsymbol = ''5'';\n\t\tWHEN ''R'' THEN\n\t\t\tsymbol = ''6'';\n\t\tELSE\n\t\t\t-- Not a consonant; no output, but next similar consonant will be re-recorded\n\t\t\tsymbol = '''';\n\t\tEND CASE;\n\n\t\tIF soundex = '''' THEN\n\t\t\t-- First character; only accept strictly English ASCII characters\n\t\t\tIF char ~\u0026gt;=~ ''A'' AND char ~\u0026lt;=~ ''Z'' THEN\n\t\t\t\tsoundex = char;\n\t\t\t\tlast_symbol = symbol;\n\t\t\tEND IF;\n\t\tELSIF last_symbol != symbol THEN\n\t\t\tsoundex = soundex || symbol;\n\t\t\tlast_symbol = symbol;\n\t\tEND IF;\n\tEND LOOP;\n\n\tRETURN soundex;\nEND;\n$$;\n\u003c/code\u003e\u003c/pre\u003e\n\n\u003cp\u003eYou should already have the function loaded.  This function should be setup as part of your account\nso you should not need to run it.  The file if it is not there is hw43_1.sql.\u003c/p\u003e\n\n\u003cp\u003eTo create the index:\u003c/p\u003e\n\n\u003cpre\u003e\u003ccode\u003eCREATE INDEX name_list_func_soundex ON name_list (soundex(real_name));\n\n\u003c/code\u003e\u003c/pre\u003e\n\n\u003cp\u003eThen to query on this field:\u003c/p\u003e\n\n\u003cpre\u003e\u003ccode\u003eSELECT * \n\tFROM name_list \n\tWHERE soundex(real_name) = soundex(''philip schlump'')\n;\n\n\u003c/code\u003e\u003c/pre\u003e\n\n\u003cp\u003eThis will use the output from the function to do the query.  This makes for a fast lookup.\u003c/p\u003e\n\n\u003ch4\u003eTags: \u0026ldquo;fuzzy match\u0026rdquo;,\u0026ldquo;soundex\u0026rdquo;,\u0026ldquo;function based index\u0026rdquo;\u003c/h4\u003e\n","Lesson_no":43}' where homework_id = '09da791e-fd5e-4572-76b6-1de90022766f';


-- [32;40mPASS[0m
