ab0bd103-b803-45a8-5c53-4dd037162e76,stmpl,4010-BC,Go,{}
23465ca0-2071-4fb9-769f-3c90773568da,sa01,4010-BC,Go,{}
2a258c8b-ab97-4224-6200-e6609551f5cc,sa02,4010-BC,Go,{}
4709a73e-e65c-4f1f-65ea-b632ccfef07f,sa03,4010-BC,Go,{}
4e6d3f11-5baa-4483-54bf-6e8db381e68f,sa04,4010-BC,Go,{}
129bdd84-2a37-4b95-5378-bd7f15b081a4,sa05,4010-BC,Go,{}
a0dfd172-5c05-4515-605e-5c98d320c0c7,sa06,4010-BC,Go,{}
a843c645-3b7b-4320-5866-9dec17b2097b,sa07,4010-BC,Go,{}
7daace0c-41cc-419c-5d52-ed3327890498,sa08,4010-BC,Go,{}
3bd8bfca-99cd-4a16-5c90-91d0b288e4cb,sa09,4010-BC,Go,{}
504f9f81-ae03-490d-77d7-aed5ef8f9f27,sa10,4010-BC,Go,{}
52d811b8-f18b-4963-4add-142246b2504b,sa11,4010-BC,Go,{}
5376ddf6-56b6-4ae3-4688-5eb0437119fd,sa12,4010-BC,Go,{}
e59c8811-376d-4a8c-66eb-6f126d23a276,sa13,4010-BC,Go,{}
db3b91f4-9588-46af-76af-0597e112e479,sa14,4010-BC,Go,{}
2df0854e-306a-4897-4cff-84435557dff8,sa15,4010-BC,Go,{}
9c677898-9c68-43ab-4444-05a980a6a7a3,sa16,4010-BC,Go,{}
803dab18-caac-4455-49f0-821b8324ffd2,sa17,4010-BC,Go,{}
53406ccc-24a4-482e-68b4-fe425fc37eaf,sa18,4010-BC,Go,{}
ebe732da-6156-4588-697f-467b224aaa28,sa19,4010-BC,Go,{}
ec5face3-ce13-4614-6563-1ae8f6c3d9e3,sa20,4010-BC,Go,{}
210bfcce-5c0a-4e99-77d1-bff5577335c6,sa21,4010-BC,Go,{}
994e6fab-daa8-4424-4d8c-7e7096b634a3,sa22,4010-BC,Go,{}
b7c651ea-e072-4e63-46d1-261187f44be0,sa23,4010-BC,Go,{}
a39372cf-e23e-4f20-6c02-fb038bf9a6f8,sa24,4010-BC,Go,{}
0d4b1fae-07bd-4d0b-6139-8a799358e021,sa25,4010-BC,Go,{}
0cffe634-943b-4c92-46b7-19fd0dc93e10,sa26,4010-BC,Go,{}
44cd2730-b989-4938-4062-06fb89ddb89a,sa27,4010-BC,Go,{}
d9b40719-2e02-41d5-6b90-04e3d0c88bbd,sa28,4010-BC,Go,{}
8f92153b-3c80-46ce-4adc-c6bdcb876bb4,sa29,4010-BC,Go,{}
216dc528-9bed-41a1-6522-1fa2152809dc,sa30,4010-BC,Go,{}
59e38336-9ec8-44b3-50da-0ddbe1e45b30,sa31,4010-BC,Go,{}
01f0c4f7-190b-4802-67e3-a179882ef181,sa32,4010-BC,Go,{}
f5125725-2d85-44e4-70d1-682469369efc,sa33,4010-BC,Go,{}
017114e6-9948-46c7-5dd3-fd74448ffeaa,sa34,4010-BC,Go,{}
bf59d838-8ea1-43f2-546b-137c923b6b99,sa35,4010-BC,Go,{}
8e32421b-42c0-4855-4fc2-d05c2bf28147,sa36,4010-BC,Go,{}
0e059b90-1aea-4032-7264-e9add473c446,sa37,4010-BC,Go,{}
eb57d20c-ac0c-4964-5c28-898b0a0b14ea,sa38,4010-BC,Go,{}
f3cd212f-8c5a-4a90-7db1-fa40b21f99a4,sa39,4010-BC,Go,{}
05fa204d-f1ad-4e06-7391-527cade8cee2,sa40,4010-BC,Go,{}
d28d3ffc-e83a-4e3a-4984-0cb28252a236,sa41,4010-BC,Go,{}
b61fe6b5-dec4-4d8c-70b2-376104239ff7,sa42,4010-BC,Go,{}
1f293ddc-c31c-4c1c-7a51-506fb29cd48e,sa43,4010-BC,Go,{}
6fba385c-aa78-4dc6-557f-46a4df003231,sa44,4010-BC,Go,{}
a20330a6-bdb1-4b2b-6e94-a85933ae2db3,sa45,4010-BC,Go,{}
b3a4959f-b8d5-4b20-4acb-04c4652e4542,sa46,4010-BC,Go,{}
00383ea2-b0ee-4128-6b06-9b5fe44c99c4,sa47,4010-BC,Go,{}
e4598ba2-957a-452a-75a8-0a4399f22348,sa48,4010-BC,Go,{}
